2025-08-19 05:34:40,195 - Knowledge - INFO - Redis support added with prefix knowledge:b5568kg:
2025-08-19 05:34:40,312 - Knowledge - INFO - load persisted knowledge: begin
2025-08-19 05:34:40,317 - Knowledge - INFO - load persisted knowledge: end
2025-08-19 05:34:40,317 - Knowledge - INFO - load persisted docinfo: begin
2025-08-19 05:34:40,321 - Knowledge - INFO - load persisted docinfo: end
2025-08-19 05:34:40,347 - Knowledge - INFO - worker kw1 created with dedicated MongoDB connection (total: 1)
2025-08-19 05:34:40,348 - Knowledge - INFO - knowledge worker kw1 start
2025-08-19 05:34:40,349 - Knowledge - INFO - worker kw1 pull /app/data/b2c/7400/b5568kg/Recipe-Scraper-7400/test/seriouseats.test.js from ingest queue
2025-08-19 05:34:40,350 - Knowledge - INFO - worker kw2 created with dedicated MongoDB connection (total: 2)
2025-08-19 05:34:40,350 - Knowledge - INFO - knowledge worker kw2 start
2025-08-19 05:34:40,352 - Knowledge - INFO - worker kw2 pull /app/data/b2c/7400/b5568kg/Recipe-Scraper-7400/test/bbc.test.js from ingest queue
2025-08-19 05:34:40,353 - Knowledge - INFO - worker kw3 created with dedicated MongoDB connection (total: 3)
2025-08-19 05:34:40,353 - Knowledge - INFO - knowledge worker kw3 start
2025-08-19 05:34:40,354 - Knowledge - INFO - worker kw3 pull /app/data/b2c/7400/b5568kg/Recipe-Scraper-7400/test/kitchenStories.test.js from ingest queue
2025-08-19 05:34:40,355 - Knowledge - INFO - worker kw4 created with dedicated MongoDB connection (total: 4)
2025-08-19 05:34:40,356 - Knowledge - INFO - knowledge worker kw4 start
2025-08-19 05:34:40,357 - Knowledge - INFO - worker kw5 created with dedicated MongoDB connection (total: 5)
2025-08-19 05:34:40,358 - Knowledge - INFO - knowledge worker kw5 start
2025-08-19 05:34:40,361 - Knowledge - INFO - worker kw6 created with dedicated MongoDB connection (total: 6)
2025-08-19 05:34:40,362 - Knowledge - INFO - knowledge worker kw6 start
2025-08-19 05:34:40,363 - Knowledge - INFO - worker kw6 pull /app/data/b2c/7400/b5568kg/Recipe-Scraper-7400/test/gimmesomeoven.test.js from ingest queue
2025-08-19 05:34:40,375 - Knowledge - INFO - worker kw7 created with dedicated MongoDB connection (total: 7)
2025-08-19 05:34:40,376 - Knowledge - INFO - knowledge worker kw7 start
2025-08-19 05:34:40,378 - Knowledge - INFO - worker kw5 pull /app/data/b2c/7400/b5568kg/Recipe-Scraper-7400/test/averiecooks.test.js from ingest queue
2025-08-19 05:34:40,384 - Knowledge - INFO - worker kw7 pull /app/data/b2c/7400/b5568kg/Recipe-Scraper-7400/test/copykat.test.js from ingest queue
2025-08-19 05:34:40,389 - Knowledge - INFO - worker kw4 pull /app/data/b2c/7400/b5568kg/Recipe-Scraper-7400/test/ambitiouskitchen.test.js from ingest queue
2025-08-19 05:34:40,392 - Knowledge - INFO - worker kw8 created with dedicated MongoDB connection (total: 8)
2025-08-19 05:34:40,395 - Knowledge - INFO - knowledge worker kw8 start
2025-08-19 05:34:40,397 - Knowledge - INFO - worker kw8 pull /app/data/b2c/7400/b5568kg/Recipe-Scraper-7400/test/simplyrecipes.test.js from ingest queue
2025-08-19 05:34:40,406 - Knowledge - INFO - worker kw9 created with dedicated MongoDB connection (total: 9)
2025-08-19 05:34:40,406 - Knowledge - INFO - knowledge worker kw9 start
2025-08-19 05:34:40,409 - Knowledge - INFO - worker kw9 pull /app/data/b2c/7400/b5568kg/Recipe-Scraper-7400/test/omnivorescookbook.test.js from ingest queue
2025-08-19 05:34:40,429 - Knowledge - INFO - worker kw10 created with dedicated MongoDB connection (total: 10)
2025-08-19 05:34:40,429 - Knowledge - INFO - knowledge worker kw10 start
2025-08-19 05:34:40,437 - Knowledge - INFO - worker kw10 pull /app/data/b2c/7400/b5568kg/Recipe-Scraper-7400/test/myrecipes.test.js from ingest queue
2025-08-19 05:34:40,438 - Knowledge - INFO - worker kw11 created with dedicated MongoDB connection (total: 11)
2025-08-19 05:34:40,439 - Knowledge - INFO - knowledge worker kw11 start
2025-08-19 05:34:40,444 - Knowledge - INFO - worker kw12 created with dedicated MongoDB connection (total: 12)
2025-08-19 05:34:40,445 - Knowledge - INFO - worker kw11 pull /app/data/b2c/7400/b5568kg/Recipe-Scraper-7400/test/damndelicious.test.js from ingest queue
2025-08-19 05:34:40,446 - Knowledge - INFO - knowledge worker kw12 start
2025-08-19 05:34:40,448 - Knowledge - INFO - worker kw12 pull /app/data/b2c/7400/b5568kg/Recipe-Scraper-7400/test/yummly.test.js from ingest queue
2025-08-19 05:34:40,450 - Knowledge - INFO - worker kw13 created with dedicated MongoDB connection (total: 13)
2025-08-19 05:34:40,450 - Knowledge - INFO - knowledge worker kw13 start
2025-08-19 05:34:40,451 - Knowledge - INFO - worker kw13 pull /app/data/b2c/7400/b5568kg/Recipe-Scraper-7400/test/nomnompaleo.test.js from ingest queue
2025-08-19 05:34:40,503 - Knowledge - INFO - process ingested knowledge for /app/data/b2c/7400/b5568kg/Recipe-Scraper-7400/test/seriouseats.test.js
2025-08-19 05:34:40,518 - Knowledge - INFO - Found code-base-name: https://github.com/kavia-common/Recipe-Scraper-7400.git:kavia-new-sources
2025-08-19 05:34:40,519 - Knowledge - INFO - Found code_base: <app.utils.kg_build.knowledge.KnowledgeCodeBase object at 0x7f2715ddf6d0>
2025-08-19 05:34:40,519 - Knowledge - INFO - persist ingested knowledge for /app/data/b2c/7400/b5568kg/Recipe-Scraper-7400/test/seriouseats.test.js
2025-08-19 05:34:40,521 - Knowledge - INFO - worker kw14 created with dedicated MongoDB connection (total: 14)
2025-08-19 05:34:40,522 - Knowledge - INFO - process ingested knowledge for /app/data/b2c/7400/b5568kg/Recipe-Scraper-7400/test/kitchenStories.test.js
2025-08-19 05:34:40,526 - Knowledge - INFO - knowledge worker kw14 start
2025-08-19 05:34:40,536 - Knowledge - INFO - process ingested knowledge for /app/data/b2c/7400/b5568kg/Recipe-Scraper-7400/test/bbc.test.js
2025-08-19 05:34:40,594 - Knowledge - INFO - process ingested knowledge for /app/data/b2c/7400/b5568kg/Recipe-Scraper-7400/test/gimmesomeoven.test.js
2025-08-19 05:34:40,597 - Knowledge - INFO - worker kw15 created with dedicated MongoDB connection (total: 15)
2025-08-19 05:34:40,600 - Knowledge - INFO - knowledge worker kw15 start
2025-08-19 05:34:40,601 - Knowledge - INFO - process ingested knowledge for /app/data/b2c/7400/b5568kg/Recipe-Scraper-7400/test/simplyrecipes.test.js
2025-08-19 05:34:40,606 - Knowledge - INFO - process ingested knowledge for /app/data/b2c/7400/b5568kg/Recipe-Scraper-7400/test/averiecooks.test.js
2025-08-19 05:34:40,616 - Knowledge - INFO - worker kw16 created with dedicated MongoDB connection (total: 16)
2025-08-19 05:34:40,618 - Knowledge - INFO - knowledge worker kw16 start
2025-08-19 05:34:40,620 - Knowledge - INFO - process ingested knowledge for /app/data/b2c/7400/b5568kg/Recipe-Scraper-7400/test/ambitiouskitchen.test.js
2025-08-19 05:34:40,696 - Knowledge - INFO - worker kw17 created with dedicated MongoDB connection (total: 17)
2025-08-19 05:34:40,696 - Knowledge - INFO - knowledge worker kw17 start
2025-08-19 05:34:40,697 - Knowledge - INFO - process ingested knowledge for /app/data/b2c/7400/b5568kg/Recipe-Scraper-7400/test/myrecipes.test.js
2025-08-19 05:34:40,699 - Knowledge - INFO - process ingested knowledge for /app/data/b2c/7400/b5568kg/Recipe-Scraper-7400/test/copykat.test.js
2025-08-19 05:34:40,702 - Knowledge - INFO - process ingested knowledge for /app/data/b2c/7400/b5568kg/Recipe-Scraper-7400/test/omnivorescookbook.test.js
2025-08-19 05:34:40,707 - Knowledge - INFO - process ingested knowledge for /app/data/b2c/7400/b5568kg/Recipe-Scraper-7400/test/yummly.test.js
2025-08-19 05:34:40,709 - Knowledge - INFO - worker kw18 created with dedicated MongoDB connection (total: 18)
2025-08-19 05:34:40,709 - Knowledge - INFO - process ingested knowledge for /app/data/b2c/7400/b5568kg/Recipe-Scraper-7400/test/damndelicious.test.js
2025-08-19 05:34:40,711 - Knowledge - INFO - knowledge worker kw18 start
2025-08-19 05:34:40,719 - Knowledge - INFO - worker kw19 created with dedicated MongoDB connection (total: 19)
2025-08-19 05:34:40,720 - Knowledge - INFO - knowledge worker kw19 start
2025-08-19 05:34:40,725 - Knowledge - INFO - process ingested knowledge for /app/data/b2c/7400/b5568kg/Recipe-Scraper-7400/test/nomnompaleo.test.js
2025-08-19 05:34:40,725 - Knowledge - INFO - worker kw20 created with dedicated MongoDB connection (total: 20)
2025-08-19 05:34:40,725 - Knowledge - INFO - knowledge worker kw20 start
2025-08-19 05:34:40,730 - Knowledge - WARNING - High connection count: 21 connections active
2025-08-19 05:34:40,730 - Knowledge - INFO - worker kw21 created with dedicated MongoDB connection (total: 21)
2025-08-19 05:34:40,730 - Knowledge - INFO - knowledge worker kw21 start
2025-08-19 05:34:40,732 - Knowledge - WARNING - High connection count: 22 connections active
2025-08-19 05:34:40,732 - Knowledge - INFO - worker kw22 created with dedicated MongoDB connection (total: 22)
2025-08-19 05:34:40,733 - Knowledge - INFO - knowledge worker kw22 start
2025-08-19 05:34:40,734 - Knowledge - WARNING - High connection count: 23 connections active
2025-08-19 05:34:40,734 - Knowledge - INFO - worker kw23 created with dedicated MongoDB connection (total: 23)
2025-08-19 05:34:40,735 - Knowledge - INFO - knowledge worker kw23 start
2025-08-19 05:34:40,736 - Knowledge - INFO - Found code-base-name: https://github.com/kavia-common/Recipe-Scraper-7400.git:kavia-new-sources
2025-08-19 05:34:40,736 - Knowledge - INFO - Found code_base: <app.utils.kg_build.knowledge.KnowledgeCodeBase object at 0x7f2715ddf6d0>
2025-08-19 05:34:40,737 - Knowledge - INFO - persist ingested knowledge for /app/data/b2c/7400/b5568kg/Recipe-Scraper-7400/test/kitchenStories.test.js
2025-08-19 05:34:40,737 - Knowledge - WARNING - High connection count: 24 connections active
2025-08-19 05:34:40,737 - Knowledge - INFO - worker kw24 created with dedicated MongoDB connection (total: 24)
2025-08-19 05:34:40,737 - Knowledge - INFO - worker kw14 pull /app/data/b2c/7400/b5568kg/Recipe-Scraper-7400/test/thepioneerwoman.test.js from ingest queue
2025-08-19 05:34:40,738 - Knowledge - INFO - worker kw15 pull /app/data/b2c/7400/b5568kg/Recipe-Scraper-7400/test/woolworths.test.js from ingest queue
2025-08-19 05:34:40,740 - Knowledge - INFO - knowledge worker kw24 start
2025-08-19 05:34:40,740 - Knowledge - INFO - Found code-base-name: https://github.com/kavia-common/Recipe-Scraper-7400.git:kavia-new-sources
2025-08-19 05:34:40,740 - Knowledge - INFO - Found code_base: <app.utils.kg_build.knowledge.KnowledgeCodeBase object at 0x7f2715ddf6d0>
2025-08-19 05:34:40,740 - Knowledge - INFO - persist ingested knowledge for /app/data/b2c/7400/b5568kg/Recipe-Scraper-7400/test/gimmesomeoven.test.js
2025-08-19 05:34:40,741 - Knowledge - INFO - Found code-base-name: https://github.com/kavia-common/Recipe-Scraper-7400.git:kavia-new-sources
2025-08-19 05:34:40,741 - Knowledge - INFO - Found code_base: <app.utils.kg_build.knowledge.KnowledgeCodeBase object at 0x7f2715ddf6d0>
2025-08-19 05:34:40,741 - Knowledge - INFO - persist ingested knowledge for /app/data/b2c/7400/b5568kg/Recipe-Scraper-7400/test/simplyrecipes.test.js
2025-08-19 05:34:40,744 - Knowledge - INFO - Found code-base-name: https://github.com/kavia-common/Recipe-Scraper-7400.git:kavia-new-sources
2025-08-19 05:34:40,744 - Knowledge - INFO - Found code_base: <app.utils.kg_build.knowledge.KnowledgeCodeBase object at 0x7f2715ddf6d0>
2025-08-19 05:34:40,745 - Knowledge - INFO - persist ingested knowledge for /app/data/b2c/7400/b5568kg/Recipe-Scraper-7400/test/averiecooks.test.js
2025-08-19 05:34:40,745 - Knowledge - WARNING - High connection count: 25 connections active
2025-08-19 05:34:40,745 - Knowledge - INFO - worker kw25 created with dedicated MongoDB connection (total: 25)
2025-08-19 05:34:40,745 - Knowledge - INFO - knowledge worker kw25 start
2025-08-19 05:34:40,794 - Knowledge - INFO - process ingested knowledge for /app/data/b2c/7400/b5568kg/Recipe-Scraper-7400/test/woolworths.test.js
2025-08-19 05:34:40,795 - Knowledge - INFO - process ingested knowledge for /app/data/b2c/7400/b5568kg/Recipe-Scraper-7400/test/thepioneerwoman.test.js
2025-08-19 05:34:40,859 - Knowledge - INFO - worker kw16 pull /app/data/b2c/7400/b5568kg/Recipe-Scraper-7400/test/epicurious.test.js from ingest queue
2025-08-19 05:34:40,860 - Knowledge - INFO - Found code-base-name: https://github.com/kavia-common/Recipe-Scraper-7400.git:kavia-new-sources
2025-08-19 05:34:40,860 - Knowledge - INFO - Found code_base: <app.utils.kg_build.knowledge.KnowledgeCodeBase object at 0x7f2715ddf6d0>
2025-08-19 05:34:40,860 - Knowledge - INFO - persist ingested knowledge for /app/data/b2c/7400/b5568kg/Recipe-Scraper-7400/test/ambitiouskitchen.test.js
2025-08-19 05:34:40,860 - Knowledge - INFO - worker kw17 pull /app/data/b2c/7400/b5568kg/Recipe-Scraper-7400/test/food.test.js from ingest queue
2025-08-19 05:34:40,862 - Knowledge - INFO - worker kw18 pull /app/data/b2c/7400/b5568kg/Recipe-Scraper-7400/test/bbcgoodfood.test.js from ingest queue
2025-08-19 05:34:40,863 - Knowledge - INFO - Found code-base-name: https://github.com/kavia-common/Recipe-Scraper-7400.git:kavia-new-sources
2025-08-19 05:34:40,863 - Knowledge - INFO - Found code_base: <app.utils.kg_build.knowledge.KnowledgeCodeBase object at 0x7f2715ddf6d0>
2025-08-19 05:34:40,863 - Knowledge - INFO - persist ingested knowledge for /app/data/b2c/7400/b5568kg/Recipe-Scraper-7400/test/copykat.test.js
2025-08-19 05:34:40,864 - Knowledge - INFO - Found code-base-name: https://github.com/kavia-common/Recipe-Scraper-7400.git:kavia-new-sources
2025-08-19 05:34:40,864 - Knowledge - INFO - Found code_base: <app.utils.kg_build.knowledge.KnowledgeCodeBase object at 0x7f2715ddf6d0>
2025-08-19 05:34:40,864 - Knowledge - INFO - persist ingested knowledge for /app/data/b2c/7400/b5568kg/Recipe-Scraper-7400/test/omnivorescookbook.test.js
2025-08-19 05:34:40,865 - Knowledge - INFO - Found code-base-name: https://github.com/kavia-common/Recipe-Scraper-7400.git:kavia-new-sources
2025-08-19 05:34:40,865 - Knowledge - INFO - Found code_base: <app.utils.kg_build.knowledge.KnowledgeCodeBase object at 0x7f2715ddf6d0>
2025-08-19 05:34:40,865 - Knowledge - INFO - persist ingested knowledge for /app/data/b2c/7400/b5568kg/Recipe-Scraper-7400/test/yummly.test.js
2025-08-19 05:34:40,865 - Knowledge - INFO - worker kw19 pull /app/data/b2c/7400/b5568kg/Recipe-Scraper-7400/test/thespruceeats.test.js from ingest queue
2025-08-19 05:34:40,866 - Knowledge - INFO - Found code-base-name: https://github.com/kavia-common/Recipe-Scraper-7400.git:kavia-new-sources
2025-08-19 05:34:40,866 - Knowledge - INFO - Found code_base: <app.utils.kg_build.knowledge.KnowledgeCodeBase object at 0x7f2715ddf6d0>
2025-08-19 05:34:40,866 - Knowledge - INFO - persist ingested knowledge for /app/data/b2c/7400/b5568kg/Recipe-Scraper-7400/test/myrecipes.test.js
2025-08-19 05:34:40,866 - Knowledge - INFO - worker kw20 pull /app/data/b2c/7400/b5568kg/Recipe-Scraper-7400/test/minimalistbaker.test.js from ingest queue
2025-08-19 05:34:40,867 - Knowledge - INFO - Found code-base-name: https://github.com/kavia-common/Recipe-Scraper-7400.git:kavia-new-sources
2025-08-19 05:34:40,867 - Knowledge - INFO - Found code_base: <app.utils.kg_build.knowledge.KnowledgeCodeBase object at 0x7f2715ddf6d0>
2025-08-19 05:34:40,867 - Knowledge - INFO - persist ingested knowledge for /app/data/b2c/7400/b5568kg/Recipe-Scraper-7400/test/damndelicious.test.js
2025-08-19 05:34:40,868 - Knowledge - INFO - Found code-base-name: https://github.com/kavia-common/Recipe-Scraper-7400.git:kavia-new-sources
2025-08-19 05:34:40,868 - Knowledge - INFO - Found code_base: <app.utils.kg_build.knowledge.KnowledgeCodeBase object at 0x7f2715ddf6d0>
2025-08-19 05:34:40,868 - Knowledge - INFO - persist ingested knowledge for /app/data/b2c/7400/b5568kg/Recipe-Scraper-7400/test/nomnompaleo.test.js
2025-08-19 05:34:40,869 - Knowledge - INFO - worker kw21 pull /app/data/b2c/7400/b5568kg/Recipe-Scraper-7400/test/101cookbooks.test.js from ingest queue
2025-08-19 05:34:40,871 - Knowledge - INFO - worker kw22 pull /app/data/b2c/7400/b5568kg/Recipe-Scraper-7400/test/eatingwell.test.js from ingest queue
2025-08-19 05:34:40,873 - Knowledge - INFO - worker kw23 pull /app/data/b2c/7400/b5568kg/Recipe-Scraper-7400/test/constants/woolworthsConstants.js from ingest queue
2025-08-19 05:34:40,873 - Knowledge - INFO - adding /app/data/b2c/7400/b5568kg/Recipe-Scraper-7400/test/seriouseats.test.js to ingest queue
2025-08-19 05:34:40,875 - Knowledge - INFO - worker kw1 pull /app/data/b2c/7400/b5568kg/Recipe-Scraper-7400/test/constants/epicuriousConstants.js from ingest queue
2025-08-19 05:34:40,928 - Knowledge - INFO - process ingested knowledge for /app/data/b2c/7400/b5568kg/Recipe-Scraper-7400/test/bbcgoodfood.test.js
2025-08-19 05:34:40,930 - Knowledge - INFO - process ingested knowledge for /app/data/b2c/7400/b5568kg/Recipe-Scraper-7400/test/food.test.js
2025-08-19 05:34:40,942 - Knowledge - INFO - process ingested knowledge for /app/data/b2c/7400/b5568kg/Recipe-Scraper-7400/test/minimalistbaker.test.js
2025-08-19 05:34:40,942 - Knowledge - INFO - process ingested knowledge for /app/data/b2c/7400/b5568kg/Recipe-Scraper-7400/test/101cookbooks.test.js
2025-08-19 05:34:40,992 - Knowledge - INFO - process ingested knowledge for /app/data/b2c/7400/b5568kg/Recipe-Scraper-7400/test/thespruceeats.test.js
2025-08-19 05:34:40,992 - Knowledge - INFO - process ingested knowledge for /app/data/b2c/7400/b5568kg/Recipe-Scraper-7400/test/epicurious.test.js
2025-08-19 05:34:40,993 - Knowledge - INFO - process ingested knowledge for /app/data/b2c/7400/b5568kg/Recipe-Scraper-7400/test/eatingwell.test.js
2025-08-19 05:34:41,008 - Knowledge - INFO - process ingested knowledge for /app/data/b2c/7400/b5568kg/Recipe-Scraper-7400/test/constants/woolworthsConstants.js
2025-08-19 05:34:41,017 - Knowledge - INFO - process ingested knowledge for /app/data/b2c/7400/b5568kg/Recipe-Scraper-7400/test/constants/epicuriousConstants.js
2025-08-19 05:34:41,028 - Knowledge - INFO - worker kw24 pull /app/data/b2c/7400/b5568kg/Recipe-Scraper-7400/test/constants/foodConstants.js from ingest queue
2025-08-19 05:34:41,028 - Knowledge - INFO - Found code-base-name: https://github.com/kavia-common/Recipe-Scraper-7400.git:kavia-new-sources
2025-08-19 05:34:41,028 - Knowledge - INFO - Found code_base: <app.utils.kg_build.knowledge.KnowledgeCodeBase object at 0x7f2715ddf6d0>
2025-08-19 05:34:41,029 - Knowledge - INFO - persist ingested knowledge for /app/data/b2c/7400/b5568kg/Recipe-Scraper-7400/test/bbc.test.js
2025-08-19 05:34:41,029 - Knowledge - INFO - worker kw25 pull /app/data/b2c/7400/b5568kg/Recipe-Scraper-7400/test/constants/bbcgoodfoodConstants.js from ingest queue
2025-08-19 05:34:41,030 - Knowledge - INFO - Found code-base-name: https://github.com/kavia-common/Recipe-Scraper-7400.git:kavia-new-sources
2025-08-19 05:34:41,030 - Knowledge - INFO - Found code_base: <app.utils.kg_build.knowledge.KnowledgeCodeBase object at 0x7f2715ddf6d0>
2025-08-19 05:34:41,030 - Knowledge - INFO - persist ingested knowledge for /app/data/b2c/7400/b5568kg/Recipe-Scraper-7400/test/woolworths.test.js
2025-08-19 05:34:41,031 - Knowledge - INFO - Found code-base-name: https://github.com/kavia-common/Recipe-Scraper-7400.git:kavia-new-sources
2025-08-19 05:34:41,031 - Knowledge - INFO - Found code_base: <app.utils.kg_build.knowledge.KnowledgeCodeBase object at 0x7f2715ddf6d0>
2025-08-19 05:34:41,031 - Knowledge - INFO - persist ingested knowledge for /app/data/b2c/7400/b5568kg/Recipe-Scraper-7400/test/thepioneerwoman.test.js
2025-08-19 05:34:41,031 - Knowledge - INFO - adding /app/data/b2c/7400/b5568kg/Recipe-Scraper-7400/test/averiecooks.test.js to ingest queue
2025-08-19 05:34:41,060 - Knowledge - INFO - process ingested knowledge for /app/data/b2c/7400/b5568kg/Recipe-Scraper-7400/test/constants/bbcgoodfoodConstants.js
2025-08-19 05:34:41,060 - Knowledge - INFO - process ingested knowledge for /app/data/b2c/7400/b5568kg/Recipe-Scraper-7400/test/constants/foodConstants.js
2025-08-19 05:34:41,510 - Knowledge - INFO - adding /app/data/b2c/7400/b5568kg/Recipe-Scraper-7400/test/simplyrecipes.test.js to ingest queue
2025-08-19 05:34:41,566 - Knowledge - INFO - Found code-base-name: https://github.com/kavia-common/Recipe-Scraper-7400.git:kavia-new-sources
2025-08-19 05:34:41,566 - Knowledge - INFO - Found code_base: <app.utils.kg_build.knowledge.KnowledgeCodeBase object at 0x7f2715ddf6d0>
2025-08-19 05:34:41,566 - Knowledge - INFO - persist ingested knowledge for /app/data/b2c/7400/b5568kg/Recipe-Scraper-7400/test/bbcgoodfood.test.js
2025-08-19 05:34:41,566 - Knowledge - INFO - Found code-base-name: https://github.com/kavia-common/Recipe-Scraper-7400.git:kavia-new-sources
2025-08-19 05:34:41,567 - Knowledge - INFO - Found code_base: <app.utils.kg_build.knowledge.KnowledgeCodeBase object at 0x7f2715ddf6d0>
2025-08-19 05:34:41,567 - Knowledge - INFO - persist ingested knowledge for /app/data/b2c/7400/b5568kg/Recipe-Scraper-7400/test/minimalistbaker.test.js
2025-08-19 05:34:41,567 - Knowledge - INFO - Found code-base-name: https://github.com/kavia-common/Recipe-Scraper-7400.git:kavia-new-sources
2025-08-19 05:34:41,567 - Knowledge - INFO - Found code_base: <app.utils.kg_build.knowledge.KnowledgeCodeBase object at 0x7f2715ddf6d0>
2025-08-19 05:34:41,567 - Knowledge - INFO - persist ingested knowledge for /app/data/b2c/7400/b5568kg/Recipe-Scraper-7400/test/101cookbooks.test.js
2025-08-19 05:34:41,567 - Knowledge - INFO - Found code-base-name: https://github.com/kavia-common/Recipe-Scraper-7400.git:kavia-new-sources
2025-08-19 05:34:41,568 - Knowledge - INFO - Found code_base: <app.utils.kg_build.knowledge.KnowledgeCodeBase object at 0x7f2715ddf6d0>
2025-08-19 05:34:41,568 - Knowledge - INFO - persist ingested knowledge for /app/data/b2c/7400/b5568kg/Recipe-Scraper-7400/test/thespruceeats.test.js
2025-08-19 05:34:41,568 - Knowledge - INFO - Found code-base-name: https://github.com/kavia-common/Recipe-Scraper-7400.git:kavia-new-sources
2025-08-19 05:34:41,568 - Knowledge - INFO - Found code_base: <app.utils.kg_build.knowledge.KnowledgeCodeBase object at 0x7f2715ddf6d0>
2025-08-19 05:34:41,568 - Knowledge - INFO - persist ingested knowledge for /app/data/b2c/7400/b5568kg/Recipe-Scraper-7400/test/epicurious.test.js
2025-08-19 05:34:41,568 - Knowledge - INFO - Found code-base-name: https://github.com/kavia-common/Recipe-Scraper-7400.git:kavia-new-sources
2025-08-19 05:34:41,568 - Knowledge - INFO - Found code_base: <app.utils.kg_build.knowledge.KnowledgeCodeBase object at 0x7f2715ddf6d0>
2025-08-19 05:34:41,568 - Knowledge - INFO - persist ingested knowledge for /app/data/b2c/7400/b5568kg/Recipe-Scraper-7400/test/eatingwell.test.js
2025-08-19 05:34:41,569 - Knowledge - INFO - Found code-base-name: https://github.com/kavia-common/Recipe-Scraper-7400.git:kavia-new-sources
2025-08-19 05:34:41,569 - Knowledge - INFO - Found code_base: <app.utils.kg_build.knowledge.KnowledgeCodeBase object at 0x7f2715ddf6d0>
2025-08-19 05:34:41,569 - Knowledge - INFO - persist ingested knowledge for /app/data/b2c/7400/b5568kg/Recipe-Scraper-7400/test/constants/woolworthsConstants.js
2025-08-19 05:34:41,569 - Knowledge - INFO - Found code-base-name: https://github.com/kavia-common/Recipe-Scraper-7400.git:kavia-new-sources
2025-08-19 05:34:41,569 - Knowledge - INFO - Found code_base: <app.utils.kg_build.knowledge.KnowledgeCodeBase object at 0x7f2715ddf6d0>
2025-08-19 05:34:41,569 - Knowledge - INFO - persist ingested knowledge for /app/data/b2c/7400/b5568kg/Recipe-Scraper-7400/test/constants/epicuriousConstants.js
2025-08-19 05:34:41,569 - Knowledge - INFO - adding /app/data/b2c/7400/b5568kg/Recipe-Scraper-7400/test/gimmesomeoven.test.js to ingest queue
2025-08-19 05:34:41,751 - Knowledge - INFO - worker kw5 pull /app/data/b2c/7400/b5568kg/Recipe-Scraper-7400/test/constants/recipetineatsConstants.js from ingest queue
2025-08-19 05:34:41,756 - Knowledge - INFO - Found code-base-name: https://github.com/kavia-common/Recipe-Scraper-7400.git:kavia-new-sources
2025-08-19 05:34:41,756 - Knowledge - INFO - Found code_base: <app.utils.kg_build.knowledge.KnowledgeCodeBase object at 0x7f2715ddf6d0>
2025-08-19 05:34:41,756 - Knowledge - INFO - persist ingested knowledge for /app/data/b2c/7400/b5568kg/Recipe-Scraper-7400/test/constants/foodConstants.js
2025-08-19 05:34:41,756 - Knowledge - INFO - adding /app/data/b2c/7400/b5568kg/Recipe-Scraper-7400/test/ambitiouskitchen.test.js to ingest queue
2025-08-19 05:34:41,758 - Knowledge - INFO - adding /app/data/b2c/7400/b5568kg/Recipe-Scraper-7400/test/copykat.test.js to ingest queue
2025-08-19 05:34:41,758 - Knowledge - INFO - adding /app/data/b2c/7400/b5568kg/Recipe-Scraper-7400/test/omnivorescookbook.test.js to ingest queue
2025-08-19 05:34:41,759 - Knowledge - INFO - adding /app/data/b2c/7400/b5568kg/Recipe-Scraper-7400/test/yummly.test.js to ingest queue
2025-08-19 05:34:41,759 - Knowledge - INFO - adding /app/data/b2c/7400/b5568kg/Recipe-Scraper-7400/test/myrecipes.test.js to ingest queue
2025-08-19 05:34:41,759 - Knowledge - INFO - adding /app/data/b2c/7400/b5568kg/Recipe-Scraper-7400/test/damndelicious.test.js to ingest queue
2025-08-19 05:34:41,760 - Knowledge - INFO - adding /app/data/b2c/7400/b5568kg/Recipe-Scraper-7400/test/nomnompaleo.test.js to ingest queue
2025-08-19 05:34:41,760 - Knowledge - INFO - Found code-base-name: https://github.com/kavia-common/Recipe-Scraper-7400.git:kavia-new-sources
2025-08-19 05:34:41,760 - Knowledge - INFO - Found code_base: <app.utils.kg_build.knowledge.KnowledgeCodeBase object at 0x7f2715ddf6d0>
2025-08-19 05:34:41,760 - Knowledge - INFO - persist ingested knowledge for /app/data/b2c/7400/b5568kg/Recipe-Scraper-7400/test/food.test.js
2025-08-19 05:34:41,760 - Knowledge - INFO - worker kw8 pull /app/data/b2c/7400/b5568kg/Recipe-Scraper-7400/test/constants/thespruceeatsConstants.js from ingest queue
2025-08-19 05:34:41,760 - Knowledge - INFO - adding /app/data/b2c/7400/b5568kg/Recipe-Scraper-7400/test/kitchenStories.test.js to ingest queue
2025-08-19 05:34:41,786 - Knowledge - INFO - process ingested knowledge for /app/data/b2c/7400/b5568kg/Recipe-Scraper-7400/test/constants/recipetineatsConstants.js
2025-08-19 05:34:41,796 - Knowledge - INFO - process ingested knowledge for /app/data/b2c/7400/b5568kg/Recipe-Scraper-7400/test/constants/thespruceeatsConstants.js
2025-08-19 05:34:42,131 - Knowledge - INFO - worker kw6 pull /app/data/b2c/7400/b5568kg/Recipe-Scraper-7400/test/constants/minimalistbakerConstants.js from ingest queue
2025-08-19 05:34:42,131 - Knowledge - INFO - adding /app/data/b2c/7400/b5568kg/Recipe-Scraper-7400/test/bbc.test.js to ingest queue
2025-08-19 05:34:42,132 - Knowledge - INFO - Found code-base-name: https://github.com/kavia-common/Recipe-Scraper-7400.git:kavia-new-sources
2025-08-19 05:34:42,132 - Knowledge - INFO - Found code_base: <app.utils.kg_build.knowledge.KnowledgeCodeBase object at 0x7f2715ddf6d0>
2025-08-19 05:34:42,132 - Knowledge - INFO - persist ingested knowledge for /app/data/b2c/7400/b5568kg/Recipe-Scraper-7400/test/constants/bbcgoodfoodConstants.js
2025-08-19 05:34:42,132 - Knowledge - INFO - adding /app/data/b2c/7400/b5568kg/Recipe-Scraper-7400/test/thepioneerwoman.test.js to ingest queue
2025-08-19 05:34:42,171 - Knowledge - INFO - process ingested knowledge for /app/data/b2c/7400/b5568kg/Recipe-Scraper-7400/test/constants/minimalistbakerConstants.js
2025-08-19 05:34:42,189 - Knowledge - INFO - worker kw4 pull /app/data/b2c/7400/b5568kg/Recipe-Scraper-7400/test/constants/101cookbooksConstants.js from ingest queue
2025-08-19 05:34:42,189 - Knowledge - INFO - worker kw7 pull /app/data/b2c/7400/b5568kg/Recipe-Scraper-7400/test/constants/therealdealfoodrdsConstants.js from ingest queue
2025-08-19 05:34:42,190 - Knowledge - INFO - worker kw12 pull /app/data/b2c/7400/b5568kg/Recipe-Scraper-7400/test/constants/eatingwellConstants.js from ingest queue
2025-08-19 05:34:42,222 - Knowledge - INFO - process ingested knowledge for /app/data/b2c/7400/b5568kg/Recipe-Scraper-7400/test/constants/101cookbooksConstants.js
2025-08-19 05:34:42,222 - Knowledge - INFO - process ingested knowledge for /app/data/b2c/7400/b5568kg/Recipe-Scraper-7400/test/constants/eatingwellConstants.js
2025-08-19 05:34:42,223 - Knowledge - INFO - process ingested knowledge for /app/data/b2c/7400/b5568kg/Recipe-Scraper-7400/test/constants/therealdealfoodrdsConstants.js
2025-08-19 05:34:42,250 - Knowledge - INFO - worker kw11 pull /app/data/b2c/7400/b5568kg/Recipe-Scraper-7400/test/constants/whatsgabycookingConstants.js from ingest queue
2025-08-19 05:34:42,251 - Knowledge - INFO - worker kw3 pull /app/data/b2c/7400/b5568kg/Recipe-Scraper-7400/test/constants/allRecipesConstants.js from ingest queue
2025-08-19 05:34:42,252 - Knowledge - INFO - Found code-base-name: https://github.com/kavia-common/Recipe-Scraper-7400.git:kavia-new-sources
2025-08-19 05:34:42,252 - Knowledge - INFO - Found code_base: <app.utils.kg_build.knowledge.KnowledgeCodeBase object at 0x7f2715ddf6d0>
2025-08-19 05:34:42,252 - Knowledge - INFO - persist ingested knowledge for /app/data/b2c/7400/b5568kg/Recipe-Scraper-7400/test/constants/recipetineatsConstants.js
2025-08-19 05:34:42,253 - Knowledge - INFO - adding /app/data/b2c/7400/b5568kg/Recipe-Scraper-7400/test/minimalistbaker.test.js to ingest queue
2025-08-19 05:34:42,254 - Knowledge - INFO - adding /app/data/b2c/7400/b5568kg/Recipe-Scraper-7400/test/101cookbooks.test.js to ingest queue
2025-08-19 05:34:42,254 - Knowledge - INFO - adding /app/data/b2c/7400/b5568kg/Recipe-Scraper-7400/test/thespruceeats.test.js to ingest queue
2025-08-19 05:34:42,254 - Knowledge - INFO - adding /app/data/b2c/7400/b5568kg/Recipe-Scraper-7400/test/epicurious.test.js to ingest queue
2025-08-19 05:34:42,255 - Knowledge - INFO - adding /app/data/b2c/7400/b5568kg/Recipe-Scraper-7400/test/eatingwell.test.js to ingest queue
2025-08-19 05:34:42,255 - Knowledge - INFO - adding /app/data/b2c/7400/b5568kg/Recipe-Scraper-7400/test/constants/woolworthsConstants.js to ingest queue
2025-08-19 05:34:42,255 - Knowledge - INFO - adding /app/data/b2c/7400/b5568kg/Recipe-Scraper-7400/test/constants/epicuriousConstants.js to ingest queue
2025-08-19 05:34:42,255 - Knowledge - INFO - worker kw1 pull /app/data/b2c/7400/b5568kg/Recipe-Scraper-7400/test/constants/closetcookingConstants.js from ingest queue
2025-08-19 05:34:42,292 - Knowledge - INFO - process ingested knowledge for /app/data/b2c/7400/b5568kg/Recipe-Scraper-7400/test/constants/whatsgabycookingConstants.js
2025-08-19 05:34:42,292 - Knowledge - INFO - process ingested knowledge for /app/data/b2c/7400/b5568kg/Recipe-Scraper-7400/test/constants/allRecipesConstants.js
2025-08-19 05:34:42,302 - Knowledge - INFO - process ingested knowledge for /app/data/b2c/7400/b5568kg/Recipe-Scraper-7400/test/constants/closetcookingConstants.js
2025-08-19 05:34:42,325 - Knowledge - INFO - Found code-base-name: https://github.com/kavia-common/Recipe-Scraper-7400.git:kavia-new-sources
2025-08-19 05:34:42,325 - Knowledge - INFO - Found code_base: <app.utils.kg_build.knowledge.KnowledgeCodeBase object at 0x7f2715ddf6d0>
2025-08-19 05:34:42,325 - Knowledge - INFO - persist ingested knowledge for /app/data/b2c/7400/b5568kg/Recipe-Scraper-7400/test/constants/minimalistbakerConstants.js
2025-08-19 05:34:42,325 - Knowledge - INFO - adding /app/data/b2c/7400/b5568kg/Recipe-Scraper-7400/test/constants/foodConstants.js to ingest queue
2025-08-19 05:34:42,377 - Knowledge - INFO - worker kw10 pull /app/data/b2c/7400/b5568kg/Recipe-Scraper-7400/test/constants/smittenkitchenConstants.js from ingest queue
2025-08-19 05:34:42,377 - Knowledge - INFO - Found code-base-name: https://github.com/kavia-common/Recipe-Scraper-7400.git:kavia-new-sources
2025-08-19 05:34:42,377 - Knowledge - INFO - Found code_base: <app.utils.kg_build.knowledge.KnowledgeCodeBase object at 0x7f2715ddf6d0>
2025-08-19 05:34:42,377 - Knowledge - INFO - persist ingested knowledge for /app/data/b2c/7400/b5568kg/Recipe-Scraper-7400/test/constants/101cookbooksConstants.js
2025-08-19 05:34:42,379 - Knowledge - INFO - Found code-base-name: https://github.com/kavia-common/Recipe-Scraper-7400.git:kavia-new-sources
2025-08-19 05:34:42,379 - Knowledge - INFO - Found code_base: <app.utils.kg_build.knowledge.KnowledgeCodeBase object at 0x7f2715ddf6d0>
2025-08-19 05:34:42,379 - Knowledge - INFO - persist ingested knowledge for /app/data/b2c/7400/b5568kg/Recipe-Scraper-7400/test/constants/therealdealfoodrdsConstants.js
2025-08-19 05:34:42,379 - Knowledge - INFO - worker kw13 pull /app/data/b2c/7400/b5568kg/Recipe-Scraper-7400/test/constants/foodnetworkConstants.js from ingest queue
2025-08-19 05:34:42,380 - Knowledge - INFO - adding /app/data/b2c/7400/b5568kg/Recipe-Scraper-7400/test/bbcgoodfood.test.js to ingest queue
2025-08-19 05:34:42,417 - Knowledge - INFO - process ingested knowledge for /app/data/b2c/7400/b5568kg/Recipe-Scraper-7400/test/constants/foodnetworkConstants.js
2025-08-19 05:34:42,420 - Knowledge - INFO - process ingested knowledge for /app/data/b2c/7400/b5568kg/Recipe-Scraper-7400/test/constants/smittenkitchenConstants.js
2025-08-19 05:34:42,438 - Knowledge - INFO - worker kw20 pull /app/data/b2c/7400/b5568kg/Recipe-Scraper-7400/test/constants/budgetbytesConstants.js from ingest queue
2025-08-19 05:34:42,439 - Knowledge - INFO - worker kw2 pull /app/data/b2c/7400/b5568kg/Recipe-Scraper-7400/test/constants/pinchofyumConstants.js from ingest queue
2025-08-19 05:34:42,442 - Knowledge - INFO - worker kw21 pull /app/data/b2c/7400/b5568kg/Recipe-Scraper-7400/test/constants/cookieandkateConstants.js from ingest queue
2025-08-19 05:34:42,443 - Knowledge - INFO - worker kw16 pull /app/data/b2c/7400/b5568kg/Recipe-Scraper-7400/test/constants/centraltexasfoodbankConstants.js from ingest queue
2025-08-19 05:34:42,443 - Knowledge - INFO - worker kw23 pull /app/data/b2c/7400/b5568kg/Recipe-Scraper-7400/test/constants/foodandwineConstants.js from ingest queue
2025-08-19 05:34:42,444 - Knowledge - INFO - Found code-base-name: https://github.com/kavia-common/Recipe-Scraper-7400.git:kavia-new-sources
2025-08-19 05:34:42,444 - Knowledge - INFO - Found code_base: <app.utils.kg_build.knowledge.KnowledgeCodeBase object at 0x7f2715ddf6d0>
2025-08-19 05:34:42,445 - Knowledge - INFO - persist ingested knowledge for /app/data/b2c/7400/b5568kg/Recipe-Scraper-7400/test/constants/allRecipesConstants.js
2025-08-19 05:34:42,445 - Knowledge - INFO - worker kw14 pull /app/data/b2c/7400/b5568kg/Recipe-Scraper-7400/test/constants/bonappetitConstants.js from ingest queue
2025-08-19 05:34:42,446 - Knowledge - INFO - adding /app/data/b2c/7400/b5568kg/Recipe-Scraper-7400/test/constants/bbcgoodfoodConstants.js to ingest queue
2025-08-19 05:34:42,476 - Knowledge - INFO - process ingested knowledge for /app/data/b2c/7400/b5568kg/Recipe-Scraper-7400/test/constants/budgetbytesConstants.js
2025-08-19 05:34:42,494 - Knowledge - INFO - process ingested knowledge for /app/data/b2c/7400/b5568kg/Recipe-Scraper-7400/test/constants/pinchofyumConstants.js
2025-08-19 05:34:42,497 - Knowledge - INFO - process ingested knowledge for /app/data/b2c/7400/b5568kg/Recipe-Scraper-7400/test/constants/bonappetitConstants.js
2025-08-19 05:34:42,499 - Knowledge - INFO - process ingested knowledge for /app/data/b2c/7400/b5568kg/Recipe-Scraper-7400/test/constants/centraltexasfoodbankConstants.js
2025-08-19 05:34:42,512 - Knowledge - INFO - process ingested knowledge for /app/data/b2c/7400/b5568kg/Recipe-Scraper-7400/test/constants/foodandwineConstants.js
2025-08-19 05:34:42,513 - Knowledge - INFO - process ingested knowledge for /app/data/b2c/7400/b5568kg/Recipe-Scraper-7400/test/constants/cookieandkateConstants.js
2025-08-19 05:34:42,531 - Knowledge - INFO - adding /app/data/b2c/7400/b5568kg/Recipe-Scraper-7400/test/constants/minimalistbakerConstants.js to ingest queue
2025-08-19 05:34:42,531 - Knowledge - INFO - worker kw24 pull /app/data/b2c/7400/b5568kg/Recipe-Scraper-7400/test/constants/simplyrecipesConstants.js from ingest queue
2025-08-19 05:34:42,567 - Knowledge - INFO - process ingested knowledge for /app/data/b2c/7400/b5568kg/Recipe-Scraper-7400/test/constants/simplyrecipesConstants.js
2025-08-19 05:34:42,644 - Knowledge - INFO - Found code-base-name: https://github.com/kavia-common/Recipe-Scraper-7400.git:kavia-new-sources
2025-08-19 05:34:42,644 - Knowledge - INFO - Found code_base: <app.utils.kg_build.knowledge.KnowledgeCodeBase object at 0x7f2715ddf6d0>
2025-08-19 05:34:42,644 - Knowledge - INFO - persist ingested knowledge for /app/data/b2c/7400/b5568kg/Recipe-Scraper-7400/test/constants/thespruceeatsConstants.js
2025-08-19 05:34:42,644 - Knowledge - INFO - worker kw18 pull /app/data/b2c/7400/b5568kg/Recipe-Scraper-7400/test/constants/omnivorescookbookConstants.js from ingest queue
2025-08-19 05:34:42,646 - Knowledge - INFO - Found code-base-name: https://github.com/kavia-common/Recipe-Scraper-7400.git:kavia-new-sources
2025-08-19 05:34:42,646 - Knowledge - INFO - Found code_base: <app.utils.kg_build.knowledge.KnowledgeCodeBase object at 0x7f2715ddf6d0>
2025-08-19 05:34:42,646 - Knowledge - INFO - persist ingested knowledge for /app/data/b2c/7400/b5568kg/Recipe-Scraper-7400/test/constants/foodnetworkConstants.js
2025-08-19 05:34:42,646 - Knowledge - INFO - adding /app/data/b2c/7400/b5568kg/Recipe-Scraper-7400/test/woolworths.test.js to ingest queue
2025-08-19 05:34:42,646 - Knowledge - INFO - adding /app/data/b2c/7400/b5568kg/Recipe-Scraper-7400/test/constants/recipetineatsConstants.js to ingest queue
2025-08-19 05:34:42,647 - Knowledge - INFO - worker kw19 pull /app/data/b2c/7400/b5568kg/Recipe-Scraper-7400/test/constants/myrecipesConstants.js from ingest queue
2025-08-19 05:34:42,648 - Knowledge - INFO - worker kw22 pull /app/data/b2c/7400/b5568kg/Recipe-Scraper-7400/test/constants/damndeliciousConstants.js from ingest queue
2025-08-19 05:34:42,648 - Knowledge - INFO - Found code-base-name: https://github.com/kavia-common/Recipe-Scraper-7400.git:kavia-new-sources
2025-08-19 05:34:42,649 - Knowledge - INFO - Found code_base: <app.utils.kg_build.knowledge.KnowledgeCodeBase object at 0x7f2715ddf6d0>
2025-08-19 05:34:42,649 - Knowledge - INFO - persist ingested knowledge for /app/data/b2c/7400/b5568kg/Recipe-Scraper-7400/test/constants/closetcookingConstants.js
2025-08-19 05:34:42,650 - Knowledge - INFO - worker kw25 pull /app/data/b2c/7400/b5568kg/Recipe-Scraper-7400/test/constants/yummlyConstants.js from ingest queue
2025-08-19 05:34:42,650 - Knowledge - INFO - Found code-base-name: https://github.com/kavia-common/Recipe-Scraper-7400.git:kavia-new-sources
2025-08-19 05:34:42,650 - Knowledge - INFO - Found code_base: <app.utils.kg_build.knowledge.KnowledgeCodeBase object at 0x7f2715ddf6d0>
2025-08-19 05:34:42,650 - Knowledge - INFO - persist ingested knowledge for /app/data/b2c/7400/b5568kg/Recipe-Scraper-7400/test/constants/budgetbytesConstants.js
2025-08-19 05:34:42,651 - Knowledge - INFO - Found code-base-name: https://github.com/kavia-common/Recipe-Scraper-7400.git:kavia-new-sources
2025-08-19 05:34:42,651 - Knowledge - INFO - Found code_base: <app.utils.kg_build.knowledge.KnowledgeCodeBase object at 0x7f2715ddf6d0>
2025-08-19 05:34:42,651 - Knowledge - INFO - persist ingested knowledge for /app/data/b2c/7400/b5568kg/Recipe-Scraper-7400/test/constants/bonappetitConstants.js
2025-08-19 05:34:42,651 - Knowledge - INFO - Found code-base-name: https://github.com/kavia-common/Recipe-Scraper-7400.git:kavia-new-sources
2025-08-19 05:34:42,651 - Knowledge - INFO - Found code_base: <app.utils.kg_build.knowledge.KnowledgeCodeBase object at 0x7f2715ddf6d0>
2025-08-19 05:34:42,651 - Knowledge - INFO - persist ingested knowledge for /app/data/b2c/7400/b5568kg/Recipe-Scraper-7400/test/constants/centraltexasfoodbankConstants.js
2025-08-19 05:34:42,652 - Knowledge - INFO - Found code-base-name: https://github.com/kavia-common/Recipe-Scraper-7400.git:kavia-new-sources
2025-08-19 05:34:42,652 - Knowledge - INFO - Found code_base: <app.utils.kg_build.knowledge.KnowledgeCodeBase object at 0x7f2715ddf6d0>
2025-08-19 05:34:42,652 - Knowledge - INFO - persist ingested knowledge for /app/data/b2c/7400/b5568kg/Recipe-Scraper-7400/test/constants/foodandwineConstants.js
2025-08-19 05:34:42,653 - Knowledge - INFO - Found code-base-name: https://github.com/kavia-common/Recipe-Scraper-7400.git:kavia-new-sources
2025-08-19 05:34:42,653 - Knowledge - INFO - Found code_base: <app.utils.kg_build.knowledge.KnowledgeCodeBase object at 0x7f2715ddf6d0>
2025-08-19 05:34:42,653 - Knowledge - INFO - persist ingested knowledge for /app/data/b2c/7400/b5568kg/Recipe-Scraper-7400/test/constants/cookieandkateConstants.js
2025-08-19 05:34:42,654 - Knowledge - INFO - worker kw9 pull /app/data/b2c/7400/b5568kg/Recipe-Scraper-7400/test/constants/nomnompaleoConstants.js from ingest queue
2025-08-19 05:34:42,655 - Knowledge - INFO - worker kw6 pull /app/data/b2c/7400/b5568kg/Recipe-Scraper-7400/test/constants/thepioneerwomanConstants.js from ingest queue
2025-08-19 05:34:42,656 - Knowledge - INFO - adding /app/data/b2c/7400/b5568kg/Recipe-Scraper-7400/test/food.test.js to ingest queue
2025-08-19 05:34:42,657 - Knowledge - INFO - Found code-base-name: https://github.com/kavia-common/Recipe-Scraper-7400.git:kavia-new-sources
2025-08-19 05:34:42,657 - Knowledge - INFO - Found code_base: <app.utils.kg_build.knowledge.KnowledgeCodeBase object at 0x7f2715ddf6d0>
2025-08-19 05:34:42,657 - Knowledge - INFO - persist ingested knowledge for /app/data/b2c/7400/b5568kg/Recipe-Scraper-7400/test/constants/eatingwellConstants.js
2025-08-19 05:34:42,658 - Knowledge - INFO - Found code-base-name: https://github.com/kavia-common/Recipe-Scraper-7400.git:kavia-new-sources
2025-08-19 05:34:42,658 - Knowledge - INFO - Found code_base: <app.utils.kg_build.knowledge.KnowledgeCodeBase object at 0x7f2715ddf6d0>
2025-08-19 05:34:42,658 - Knowledge - INFO - persist ingested knowledge for /app/data/b2c/7400/b5568kg/Recipe-Scraper-7400/test/constants/simplyrecipesConstants.js
2025-08-19 05:34:42,660 - Knowledge - INFO - adding /app/data/b2c/7400/b5568kg/Recipe-Scraper-7400/test/constants/101cookbooksConstants.js to ingest queue
2025-08-19 05:34:42,681 - Knowledge - INFO - process ingested knowledge for /app/data/b2c/7400/b5568kg/Recipe-Scraper-7400/test/constants/myrecipesConstants.js
2025-08-19 05:34:42,695 - Knowledge - INFO - process ingested knowledge for /app/data/b2c/7400/b5568kg/Recipe-Scraper-7400/test/constants/omnivorescookbookConstants.js
2025-08-19 05:34:42,707 - Knowledge - INFO - process ingested knowledge for /app/data/b2c/7400/b5568kg/Recipe-Scraper-7400/test/constants/yummlyConstants.js
2025-08-19 05:34:42,707 - Knowledge - INFO - process ingested knowledge for /app/data/b2c/7400/b5568kg/Recipe-Scraper-7400/test/constants/thepioneerwomanConstants.js
2025-08-19 05:34:42,708 - Knowledge - INFO - process ingested knowledge for /app/data/b2c/7400/b5568kg/Recipe-Scraper-7400/test/constants/nomnompaleoConstants.js
2025-08-19 05:34:42,709 - Knowledge - INFO - process ingested knowledge for /app/data/b2c/7400/b5568kg/Recipe-Scraper-7400/test/constants/damndeliciousConstants.js
2025-08-19 05:34:42,729 - Knowledge - INFO - adding /app/data/b2c/7400/b5568kg/Recipe-Scraper-7400/test/constants/therealdealfoodrdsConstants.js to ingest queue
2025-08-19 05:34:42,729 - Knowledge - INFO - Found code-base-name: https://github.com/kavia-common/Recipe-Scraper-7400.git:kavia-new-sources
2025-08-19 05:34:42,729 - Knowledge - INFO - Found code_base: <app.utils.kg_build.knowledge.KnowledgeCodeBase object at 0x7f2715ddf6d0>
2025-08-19 05:34:42,729 - Knowledge - INFO - persist ingested knowledge for /app/data/b2c/7400/b5568kg/Recipe-Scraper-7400/test/constants/smittenkitchenConstants.js
2025-08-19 05:34:42,730 - Knowledge - INFO - worker kw15 pull /app/data/b2c/7400/b5568kg/Recipe-Scraper-7400/test/constants/gimmesomeovenConstants.js from ingest queue
2025-08-19 05:34:42,731 - Knowledge - INFO - Found code-base-name: https://github.com/kavia-common/Recipe-Scraper-7400.git:kavia-new-sources
2025-08-19 05:34:42,731 - Knowledge - INFO - Found code_base: <app.utils.kg_build.knowledge.KnowledgeCodeBase object at 0x7f2715ddf6d0>
2025-08-19 05:34:42,731 - Knowledge - INFO - persist ingested knowledge for /app/data/b2c/7400/b5568kg/Recipe-Scraper-7400/test/constants/whatsgabycookingConstants.js
2025-08-19 05:34:42,765 - Knowledge - INFO - process ingested knowledge for /app/data/b2c/7400/b5568kg/Recipe-Scraper-7400/test/constants/gimmesomeovenConstants.js
2025-08-19 05:34:42,858 - Knowledge - INFO - Found code-base-name: https://github.com/kavia-common/Recipe-Scraper-7400.git:kavia-new-sources
2025-08-19 05:34:42,859 - Knowledge - INFO - Found code_base: <app.utils.kg_build.knowledge.KnowledgeCodeBase object at 0x7f2715ddf6d0>
2025-08-19 05:34:42,859 - Knowledge - INFO - persist ingested knowledge for /app/data/b2c/7400/b5568kg/Recipe-Scraper-7400/test/constants/pinchofyumConstants.js
2025-08-19 05:34:43,109 - Knowledge - INFO - worker kw17 pull /app/data/b2c/7400/b5568kg/Recipe-Scraper-7400/test/constants/averiecooksConstants.js from ingest queue
2025-08-19 05:34:43,135 - Knowledge - INFO - process ingested knowledge for /app/data/b2c/7400/b5568kg/Recipe-Scraper-7400/test/constants/averiecooksConstants.js
2025-08-19 05:34:43,166 - Knowledge - INFO - adding /app/data/b2c/7400/b5568kg/Recipe-Scraper-7400/test/constants/simplyrecipesConstants.js to ingest queue
2025-08-19 05:34:43,166 - Knowledge - INFO - Found code-base-name: https://github.com/kavia-common/Recipe-Scraper-7400.git:kavia-new-sources
2025-08-19 05:34:43,166 - Knowledge - INFO - Found code_base: <app.utils.kg_build.knowledge.KnowledgeCodeBase object at 0x7f2715ddf6d0>
2025-08-19 05:34:43,166 - Knowledge - INFO - persist ingested knowledge for /app/data/b2c/7400/b5568kg/Recipe-Scraper-7400/test/constants/myrecipesConstants.js
2025-08-19 05:34:43,166 - Knowledge - INFO - Found code-base-name: https://github.com/kavia-common/Recipe-Scraper-7400.git:kavia-new-sources
2025-08-19 05:34:43,166 - Knowledge - INFO - Found code_base: <app.utils.kg_build.knowledge.KnowledgeCodeBase object at 0x7f2715ddf6d0>
2025-08-19 05:34:43,167 - Knowledge - INFO - persist ingested knowledge for /app/data/b2c/7400/b5568kg/Recipe-Scraper-7400/test/constants/yummlyConstants.js
2025-08-19 05:34:43,167 - Knowledge - INFO - Found code-base-name: https://github.com/kavia-common/Recipe-Scraper-7400.git:kavia-new-sources
2025-08-19 05:34:43,167 - Knowledge - INFO - Found code_base: <app.utils.kg_build.knowledge.KnowledgeCodeBase object at 0x7f2715ddf6d0>
2025-08-19 05:34:43,167 - Knowledge - INFO - persist ingested knowledge for /app/data/b2c/7400/b5568kg/Recipe-Scraper-7400/test/constants/thepioneerwomanConstants.js
2025-08-19 05:34:43,167 - Knowledge - INFO - Found code-base-name: https://github.com/kavia-common/Recipe-Scraper-7400.git:kavia-new-sources
2025-08-19 05:34:43,167 - Knowledge - INFO - Found code_base: <app.utils.kg_build.knowledge.KnowledgeCodeBase object at 0x7f2715ddf6d0>
2025-08-19 05:34:43,167 - Knowledge - INFO - persist ingested knowledge for /app/data/b2c/7400/b5568kg/Recipe-Scraper-7400/test/constants/nomnompaleoConstants.js
2025-08-19 05:34:43,168 - Knowledge - INFO - Found code-base-name: https://github.com/kavia-common/Recipe-Scraper-7400.git:kavia-new-sources
2025-08-19 05:34:43,168 - Knowledge - INFO - Found code_base: <app.utils.kg_build.knowledge.KnowledgeCodeBase object at 0x7f2715ddf6d0>
2025-08-19 05:34:43,168 - Knowledge - INFO - persist ingested knowledge for /app/data/b2c/7400/b5568kg/Recipe-Scraper-7400/test/constants/damndeliciousConstants.js
2025-08-19 05:34:43,217 - Knowledge - INFO - worker kw7 pull /app/data/b2c/7400/b5568kg/Recipe-Scraper-7400/test/constants/copykatConstants.js from ingest queue
2025-08-19 05:34:43,218 - Knowledge - INFO - adding /app/data/b2c/7400/b5568kg/Recipe-Scraper-7400/test/constants/thespruceeatsConstants.js to ingest queue
2025-08-19 05:34:43,246 - Knowledge - INFO - process ingested knowledge for /app/data/b2c/7400/b5568kg/Recipe-Scraper-7400/test/constants/copykatConstants.js
2025-08-19 05:34:43,320 - Knowledge - INFO - Found code-base-name: https://github.com/kavia-common/Recipe-Scraper-7400.git:kavia-new-sources
2025-08-19 05:34:43,320 - Knowledge - INFO - Found code_base: <app.utils.kg_build.knowledge.KnowledgeCodeBase object at 0x7f2715ddf6d0>
2025-08-19 05:34:43,321 - Knowledge - INFO - persist ingested knowledge for /app/data/b2c/7400/b5568kg/Recipe-Scraper-7400/test/constants/gimmesomeovenConstants.js
2025-08-19 05:34:43,321 - Knowledge - INFO - adding /app/data/b2c/7400/b5568kg/Recipe-Scraper-7400/test/constants/allRecipesConstants.js to ingest queue
2025-08-19 05:34:43,372 - Knowledge - INFO - adding /app/data/b2c/7400/b5568kg/Recipe-Scraper-7400/test/constants/budgetbytesConstants.js to ingest queue
2025-08-19 05:34:43,372 - Knowledge - INFO - adding /app/data/b2c/7400/b5568kg/Recipe-Scraper-7400/test/constants/bonappetitConstants.js to ingest queue
2025-08-19 05:34:43,372 - Knowledge - INFO - adding /app/data/b2c/7400/b5568kg/Recipe-Scraper-7400/test/constants/foodandwineConstants.js to ingest queue
2025-08-19 05:34:43,373 - Knowledge - INFO - adding /app/data/b2c/7400/b5568kg/Recipe-Scraper-7400/test/constants/cookieandkateConstants.js to ingest queue
2025-08-19 05:34:43,373 - Knowledge - INFO - worker kw21 pull /app/data/b2c/7400/b5568kg/Recipe-Scraper-7400/test/constants/ambitiouskitchenConstants.js from ingest queue
2025-08-19 05:34:43,374 - Knowledge - INFO - worker kw4 pull /app/data/b2c/7400/b5568kg/Recipe-Scraper-7400/test/constants/tastebetterfromscratchConstants.js from ingest queue
2025-08-19 05:34:43,406 - Knowledge - INFO - process ingested knowledge for /app/data/b2c/7400/b5568kg/Recipe-Scraper-7400/test/constants/ambitiouskitchenConstants.js
2025-08-19 05:34:43,407 - Knowledge - INFO - process ingested knowledge for /app/data/b2c/7400/b5568kg/Recipe-Scraper-7400/test/constants/tastebetterfromscratchConstants.js
2025-08-19 05:34:43,579 - Knowledge - INFO - adding /app/data/b2c/7400/b5568kg/Recipe-Scraper-7400/test/constants/foodnetworkConstants.js to ingest queue
2025-08-19 05:34:43,580 - Knowledge - INFO - worker kw5 pull /app/data/b2c/7400/b5568kg/Recipe-Scraper-7400/test/constants/kitchenstoriesConstants.js from ingest queue
2025-08-19 05:34:43,580 - Knowledge - INFO - Found code-base-name: https://github.com/kavia-common/Recipe-Scraper-7400.git:kavia-new-sources
2025-08-19 05:34:43,580 - Knowledge - INFO - Found code_base: <app.utils.kg_build.knowledge.KnowledgeCodeBase object at 0x7f2715ddf6d0>
2025-08-19 05:34:43,580 - Knowledge - INFO - persist ingested knowledge for /app/data/b2c/7400/b5568kg/Recipe-Scraper-7400/test/constants/copykatConstants.js
2025-08-19 05:34:43,607 - Knowledge - INFO - process ingested knowledge for /app/data/b2c/7400/b5568kg/Recipe-Scraper-7400/test/constants/kitchenstoriesConstants.js
2025-08-19 05:34:43,638 - Knowledge - INFO - adding /app/data/b2c/7400/b5568kg/Recipe-Scraper-7400/test/constants/whatsgabycookingConstants.js to ingest queue
2025-08-19 05:34:43,638 - Knowledge - INFO - worker kw3 pull /app/data/b2c/7400/b5568kg/Recipe-Scraper-7400/test/constants/bbcConstants.js from ingest queue
2025-08-19 05:34:43,640 - Knowledge - INFO - adding /app/data/b2c/7400/b5568kg/Recipe-Scraper-7400/test/constants/centraltexasfoodbankConstants.js to ingest queue
2025-08-19 05:34:43,641 - Knowledge - INFO - worker kw20 pull /app/data/b2c/7400/b5568kg/Recipe-Scraper-7400/test/constants/seriouseatsConstants.js from ingest queue
2025-08-19 05:34:43,673 - Knowledge - INFO - process ingested knowledge for /app/data/b2c/7400/b5568kg/Recipe-Scraper-7400/test/constants/seriouseatsConstants.js
2025-08-19 05:34:43,674 - Knowledge - INFO - process ingested knowledge for /app/data/b2c/7400/b5568kg/Recipe-Scraper-7400/test/constants/bbcConstants.js
2025-08-19 05:34:43,700 - Knowledge - INFO - worker kw14 pull /app/data/b2c/7400/b5568kg/Recipe-Scraper-7400/test/whatsgabycooking.test.js from ingest queue
2025-08-19 05:34:43,700 - Knowledge - INFO - Found code-base-name: https://github.com/kavia-common/Recipe-Scraper-7400.git:kavia-new-sources
2025-08-19 05:34:43,700 - Knowledge - INFO - Found code_base: <app.utils.kg_build.knowledge.KnowledgeCodeBase object at 0x7f2715ddf6d0>
2025-08-19 05:34:43,700 - Knowledge - INFO - persist ingested knowledge for /app/data/b2c/7400/b5568kg/Recipe-Scraper-7400/test/constants/averiecooksConstants.js
2025-08-19 05:34:43,701 - Knowledge - INFO - worker kw23 pull /app/data/b2c/7400/b5568kg/Recipe-Scraper-7400/test/thereaddealfoodrds.test.js from ingest queue
2025-08-19 05:34:43,702 - Knowledge - INFO - Found code-base-name: https://github.com/kavia-common/Recipe-Scraper-7400.git:kavia-new-sources
2025-08-19 05:34:43,703 - Knowledge - INFO - Found code_base: <app.utils.kg_build.knowledge.KnowledgeCodeBase object at 0x7f2715ddf6d0>
2025-08-19 05:34:43,703 - Knowledge - INFO - persist ingested knowledge for /app/data/b2c/7400/b5568kg/Recipe-Scraper-7400/test/constants/omnivorescookbookConstants.js
2025-08-19 05:34:43,704 - Knowledge - INFO - worker kw24 pull /app/data/b2c/7400/b5568kg/Recipe-Scraper-7400/test/allRecipes.test.js from ingest queue
2025-08-19 05:34:43,741 - Knowledge - INFO - process ingested knowledge for /app/data/b2c/7400/b5568kg/Recipe-Scraper-7400/test/thereaddealfoodrds.test.js
2025-08-19 05:34:43,741 - Knowledge - INFO - process ingested knowledge for /app/data/b2c/7400/b5568kg/Recipe-Scraper-7400/test/allRecipes.test.js
2025-08-19 05:34:43,742 - Knowledge - INFO - process ingested knowledge for /app/data/b2c/7400/b5568kg/Recipe-Scraper-7400/test/whatsgabycooking.test.js
2025-08-19 05:34:43,758 - Knowledge - INFO - Found code-base-name: https://github.com/kavia-common/Recipe-Scraper-7400.git:kavia-new-sources
2025-08-19 05:34:43,758 - Knowledge - INFO - Found code_base: <app.utils.kg_build.knowledge.KnowledgeCodeBase object at 0x7f2715ddf6d0>
2025-08-19 05:34:43,758 - Knowledge - INFO - persist ingested knowledge for /app/data/b2c/7400/b5568kg/Recipe-Scraper-7400/test/constants/ambitiouskitchenConstants.js
2025-08-19 05:34:43,758 - Knowledge - INFO - Found code-base-name: https://github.com/kavia-common/Recipe-Scraper-7400.git:kavia-new-sources
2025-08-19 05:34:43,759 - Knowledge - INFO - Found code_base: <app.utils.kg_build.knowledge.KnowledgeCodeBase object at 0x7f2715ddf6d0>
2025-08-19 05:34:43,759 - Knowledge - INFO - persist ingested knowledge for /app/data/b2c/7400/b5568kg/Recipe-Scraper-7400/test/constants/tastebetterfromscratchConstants.js
2025-08-19 05:34:43,759 - Knowledge - INFO - adding /app/data/b2c/7400/b5568kg/Recipe-Scraper-7400/test/constants/myrecipesConstants.js to ingest queue
2025-08-19 05:34:43,760 - Knowledge - INFO - adding /app/data/b2c/7400/b5568kg/Recipe-Scraper-7400/test/constants/thepioneerwomanConstants.js to ingest queue
2025-08-19 05:34:43,760 - Knowledge - INFO - adding /app/data/b2c/7400/b5568kg/Recipe-Scraper-7400/test/constants/nomnompaleoConstants.js to ingest queue
2025-08-19 05:34:43,761 - Knowledge - INFO - worker kw8 pull /app/data/b2c/7400/b5568kg/Recipe-Scraper-7400/test/closetcooking.test.js from ingest queue
2025-08-19 05:34:43,762 - Knowledge - INFO - adding /app/data/b2c/7400/b5568kg/Recipe-Scraper-7400/test/constants/smittenkitchenConstants.js to ingest queue
2025-08-19 05:34:43,794 - Knowledge - INFO - process ingested knowledge for /app/data/b2c/7400/b5568kg/Recipe-Scraper-7400/test/closetcooking.test.js
2025-08-19 05:34:43,819 - Knowledge - INFO - worker kw11 pull /app/data/b2c/7400/b5568kg/Recipe-Scraper-7400/test/smittenkitchen.test.js from ingest queue
2025-08-19 05:34:43,820 - Knowledge - INFO - adding /app/data/b2c/7400/b5568kg/Recipe-Scraper-7400/test/constants/gimmesomeovenConstants.js to ingest queue
2025-08-19 05:34:43,820 - Knowledge - INFO - adding /app/data/b2c/7400/b5568kg/Recipe-Scraper-7400/test/constants/closetcookingConstants.js to ingest queue
2025-08-19 05:34:43,821 - Knowledge - INFO - adding /app/data/b2c/7400/b5568kg/Recipe-Scraper-7400/test/constants/pinchofyumConstants.js to ingest queue
2025-08-19 05:34:43,821 - Knowledge - INFO - Found code-base-name: https://github.com/kavia-common/Recipe-Scraper-7400.git:kavia-new-sources
2025-08-19 05:34:43,821 - Knowledge - INFO - Found code_base: <app.utils.kg_build.knowledge.KnowledgeCodeBase object at 0x7f2715ddf6d0>
2025-08-19 05:34:43,821 - Knowledge - INFO - persist ingested knowledge for /app/data/b2c/7400/b5568kg/Recipe-Scraper-7400/test/constants/bbcConstants.js
2025-08-19 05:34:43,849 - Knowledge - INFO - process ingested knowledge for /app/data/b2c/7400/b5568kg/Recipe-Scraper-7400/test/smittenkitchen.test.js
2025-08-19 05:34:43,936 - Knowledge - INFO - Found code-base-name: https://github.com/kavia-common/Recipe-Scraper-7400.git:kavia-new-sources
2025-08-19 05:34:43,936 - Knowledge - INFO - Found code_base: <app.utils.kg_build.knowledge.KnowledgeCodeBase object at 0x7f2715ddf6d0>
2025-08-19 05:34:43,937 - Knowledge - INFO - persist ingested knowledge for /app/data/b2c/7400/b5568kg/Recipe-Scraper-7400/test/thereaddealfoodrds.test.js
2025-08-19 05:34:43,937 - Knowledge - INFO - Found code-base-name: https://github.com/kavia-common/Recipe-Scraper-7400.git:kavia-new-sources
2025-08-19 05:34:43,937 - Knowledge - INFO - Found code_base: <app.utils.kg_build.knowledge.KnowledgeCodeBase object at 0x7f2715ddf6d0>
2025-08-19 05:34:43,937 - Knowledge - INFO - persist ingested knowledge for /app/data/b2c/7400/b5568kg/Recipe-Scraper-7400/test/allRecipes.test.js
2025-08-19 05:34:43,937 - Knowledge - INFO - Found code-base-name: https://github.com/kavia-common/Recipe-Scraper-7400.git:kavia-new-sources
2025-08-19 05:34:43,937 - Knowledge - INFO - Found code_base: <app.utils.kg_build.knowledge.KnowledgeCodeBase object at 0x7f2715ddf6d0>
2025-08-19 05:34:43,937 - Knowledge - INFO - persist ingested knowledge for /app/data/b2c/7400/b5568kg/Recipe-Scraper-7400/test/whatsgabycooking.test.js
2025-08-19 05:34:43,997 - Knowledge - INFO - adding /app/data/b2c/7400/b5568kg/Recipe-Scraper-7400/test/constants/yummlyConstants.js to ingest queue
2025-08-19 05:34:44,060 - Knowledge - INFO - worker kw6 pull /app/data/b2c/7400/b5568kg/Recipe-Scraper-7400/test/helpers/commonRecipeTest.js from ingest queue
2025-08-19 05:34:44,060 - Knowledge - INFO - worker kw13 pull /app/data/b2c/7400/b5568kg/Recipe-Scraper-7400/test/foodnetwork.test.js from ingest queue
2025-08-19 05:34:44,062 - Knowledge - INFO - worker kw9 pull /app/data/b2c/7400/b5568kg/Recipe-Scraper-7400/test/budgetbytes.test.js from ingest queue
2025-08-19 05:34:44,062 - Knowledge - INFO - adding /app/data/b2c/7400/b5568kg/Recipe-Scraper-7400/test/constants/damndeliciousConstants.js to ingest queue
2025-08-19 05:34:44,064 - Knowledge - INFO - worker kw10 pull /app/data/b2c/7400/b5568kg/Recipe-Scraper-7400/test/cookieandkate.test.js from ingest queue
2025-08-19 05:34:44,064 - Knowledge - INFO - Found code-base-name: https://github.com/kavia-common/Recipe-Scraper-7400.git:kavia-new-sources
2025-08-19 05:34:44,065 - Knowledge - INFO - Found code_base: <app.utils.kg_build.knowledge.KnowledgeCodeBase object at 0x7f2715ddf6d0>
2025-08-19 05:34:44,065 - Knowledge - INFO - persist ingested knowledge for /app/data/b2c/7400/b5568kg/Recipe-Scraper-7400/test/closetcooking.test.js
2025-08-19 05:34:44,066 - Knowledge - INFO - adding /app/data/b2c/7400/b5568kg/Recipe-Scraper-7400/test/constants/copykatConstants.js to ingest queue
2025-08-19 05:34:44,067 - Knowledge - INFO - worker kw15 pull /app/data/b2c/7400/b5568kg/Recipe-Scraper-7400/test/pinchofyum.test.js from ingest queue
2025-08-19 05:34:44,068 - Knowledge - INFO - Found code-base-name: https://github.com/kavia-common/Recipe-Scraper-7400.git:kavia-new-sources
2025-08-19 05:34:44,068 - Knowledge - INFO - Found code_base: <app.utils.kg_build.knowledge.KnowledgeCodeBase object at 0x7f2715ddf6d0>
2025-08-19 05:34:44,068 - Knowledge - INFO - persist ingested knowledge for /app/data/b2c/7400/b5568kg/Recipe-Scraper-7400/test/constants/seriouseatsConstants.js
2025-08-19 05:34:44,069 - Knowledge - INFO - worker kw1 pull /app/data/b2c/7400/b5568kg/Recipe-Scraper-7400/test/centraltexasfoodbank.test.js from ingest queue
2025-08-19 05:34:44,070 - Knowledge - INFO - worker kw2 pull /app/data/b2c/7400/b5568kg/Recipe-Scraper-7400/test/foodandwine.test.js from ingest queue
2025-08-19 05:34:44,073 - Knowledge - INFO - adding /app/data/b2c/7400/b5568kg/Recipe-Scraper-7400/test/constants/eatingwellConstants.js to ingest queue
2025-08-19 05:34:44,108 - Knowledge - INFO - process ingested knowledge for /app/data/b2c/7400/b5568kg/Recipe-Scraper-7400/test/foodnetwork.test.js
2025-08-19 05:34:44,109 - Knowledge - INFO - process ingested knowledge for /app/data/b2c/7400/b5568kg/Recipe-Scraper-7400/test/helpers/commonRecipeTest.js
2025-08-19 05:34:44,110 - Knowledge - INFO - process ingested knowledge for /app/data/b2c/7400/b5568kg/Recipe-Scraper-7400/test/cookieandkate.test.js
2025-08-19 05:34:44,110 - Knowledge - INFO - process ingested knowledge for /app/data/b2c/7400/b5568kg/Recipe-Scraper-7400/test/budgetbytes.test.js
2025-08-19 05:34:44,111 - Knowledge - INFO - process ingested knowledge for /app/data/b2c/7400/b5568kg/Recipe-Scraper-7400/test/centraltexasfoodbank.test.js
2025-08-19 05:34:44,118 - Knowledge - INFO - process ingested knowledge for /app/data/b2c/7400/b5568kg/Recipe-Scraper-7400/test/foodandwine.test.js
2025-08-19 05:34:44,119 - Knowledge - INFO - process ingested knowledge for /app/data/b2c/7400/b5568kg/Recipe-Scraper-7400/test/pinchofyum.test.js
2025-08-19 05:34:44,135 - Knowledge - INFO - adding /app/data/b2c/7400/b5568kg/Recipe-Scraper-7400/test/constants/bbcConstants.js to ingest queue
2025-08-19 05:34:44,274 - Knowledge - INFO - worker kw25 pull /app/data/b2c/7400/b5568kg/Recipe-Scraper-7400/test/tastesbetterfromscratch.test.js from ingest queue
2025-08-19 05:34:44,274 - Knowledge - INFO - worker kw19 pull /app/data/b2c/7400/b5568kg/Recipe-Scraper-7400/test/bonappetit.test.js from ingest queue
2025-08-19 05:34:44,276 - Knowledge - INFO - adding /app/data/b2c/7400/b5568kg/Recipe-Scraper-7400/test/constants/ambitiouskitchenConstants.js to ingest queue
2025-08-19 05:34:44,276 - Knowledge - INFO - worker kw21 pull /app/data/b2c/7400/b5568kg/Recipe-Scraper-7400/package.json from ingest queue
2025-08-19 05:34:44,277 - Knowledge - INFO - Found code-base-name: https://github.com/kavia-common/Recipe-Scraper-7400.git:kavia-new-sources
2025-08-19 05:34:44,277 - Knowledge - INFO - Found code_base: <app.utils.kg_build.knowledge.KnowledgeCodeBase object at 0x7f2715ddf6d0>
2025-08-19 05:34:44,277 - Knowledge - INFO - persist ingested knowledge for /app/data/b2c/7400/b5568kg/Recipe-Scraper-7400/test/constants/kitchenstoriesConstants.js
2025-08-19 05:34:44,277 - Knowledge - INFO - worker kw16 pull /app/data/b2c/7400/b5568kg/Recipe-Scraper-7400/README.md from ingest queue
2025-08-19 05:34:44,278 - Knowledge - INFO - worker kw7 pull /app/data/b2c/7400/b5568kg/Recipe-Scraper-7400/helpers/recipe-schema.js from ingest queue
2025-08-19 05:34:44,307 - Knowledge - INFO - process ingested knowledge for /app/data/b2c/7400/b5568kg/Recipe-Scraper-7400/package.json
2025-08-19 05:34:44,312 - Knowledge - INFO - process ingested knowledge for /app/data/b2c/7400/b5568kg/Recipe-Scraper-7400/README.md
2025-08-19 05:34:44,319 - Knowledge - INFO - process ingested knowledge for /app/data/b2c/7400/b5568kg/Recipe-Scraper-7400/test/bonappetit.test.js
2025-08-19 05:34:44,323 - Knowledge - INFO - process ingested knowledge for /app/data/b2c/7400/b5568kg/Recipe-Scraper-7400/test/tastesbetterfromscratch.test.js
2025-08-19 05:34:44,324 - Knowledge - INFO - process ingested knowledge for /app/data/b2c/7400/b5568kg/Recipe-Scraper-7400/helpers/recipe-schema.js
2025-08-19 05:34:44,342 - Knowledge - INFO - Found code-base-name: https://github.com/kavia-common/Recipe-Scraper-7400.git:kavia-new-sources
2025-08-19 05:34:44,342 - Knowledge - INFO - Found code_base: <app.utils.kg_build.knowledge.KnowledgeCodeBase object at 0x7f2715ddf6d0>
2025-08-19 05:34:44,342 - Knowledge - INFO - persist ingested knowledge for /app/data/b2c/7400/b5568kg/Recipe-Scraper-7400/test/smittenkitchen.test.js
2025-08-19 05:34:44,343 - Knowledge - INFO - worker kw12 pull /app/data/b2c/7400/b5568kg/Recipe-Scraper-7400/helpers/puppeteerFetch.js from ingest queue
2025-08-19 05:34:44,343 - Knowledge - INFO - Found code-base-name: https://github.com/kavia-common/Recipe-Scraper-7400.git:kavia-new-sources
2025-08-19 05:34:44,343 - Knowledge - INFO - Found code_base: <app.utils.kg_build.knowledge.KnowledgeCodeBase object at 0x7f2715ddf6d0>
2025-08-19 05:34:44,344 - Knowledge - INFO - persist ingested knowledge for /app/data/b2c/7400/b5568kg/Recipe-Scraper-7400/test/helpers/commonRecipeTest.js
2025-08-19 05:34:44,344 - Knowledge - INFO - Found code-base-name: https://github.com/kavia-common/Recipe-Scraper-7400.git:kavia-new-sources
2025-08-19 05:34:44,344 - Knowledge - INFO - Found code_base: <app.utils.kg_build.knowledge.KnowledgeCodeBase object at 0x7f2715ddf6d0>
2025-08-19 05:34:44,344 - Knowledge - INFO - persist ingested knowledge for /app/data/b2c/7400/b5568kg/Recipe-Scraper-7400/test/foodnetwork.test.js
2025-08-19 05:34:44,345 - Knowledge - INFO - Found code-base-name: https://github.com/kavia-common/Recipe-Scraper-7400.git:kavia-new-sources
2025-08-19 05:34:44,345 - Knowledge - INFO - Found code_base: <app.utils.kg_build.knowledge.KnowledgeCodeBase object at 0x7f2715ddf6d0>
2025-08-19 05:34:44,345 - Knowledge - INFO - persist ingested knowledge for /app/data/b2c/7400/b5568kg/Recipe-Scraper-7400/test/cookieandkate.test.js
2025-08-19 05:34:44,345 - Knowledge - INFO - Found code-base-name: https://github.com/kavia-common/Recipe-Scraper-7400.git:kavia-new-sources
2025-08-19 05:34:44,345 - Knowledge - INFO - Found code_base: <app.utils.kg_build.knowledge.KnowledgeCodeBase object at 0x7f2715ddf6d0>
2025-08-19 05:34:44,345 - Knowledge - INFO - persist ingested knowledge for /app/data/b2c/7400/b5568kg/Recipe-Scraper-7400/test/budgetbytes.test.js
2025-08-19 05:34:44,345 - Knowledge - INFO - Found code-base-name: https://github.com/kavia-common/Recipe-Scraper-7400.git:kavia-new-sources
2025-08-19 05:34:44,345 - Knowledge - INFO - Found code_base: <app.utils.kg_build.knowledge.KnowledgeCodeBase object at 0x7f2715ddf6d0>
2025-08-19 05:34:44,346 - Knowledge - INFO - persist ingested knowledge for /app/data/b2c/7400/b5568kg/Recipe-Scraper-7400/test/centraltexasfoodbank.test.js
2025-08-19 05:34:44,346 - Knowledge - INFO - Found code-base-name: https://github.com/kavia-common/Recipe-Scraper-7400.git:kavia-new-sources
2025-08-19 05:34:44,346 - Knowledge - INFO - Found code_base: <app.utils.kg_build.knowledge.KnowledgeCodeBase object at 0x7f2715ddf6d0>
2025-08-19 05:34:44,346 - Knowledge - INFO - persist ingested knowledge for /app/data/b2c/7400/b5568kg/Recipe-Scraper-7400/test/foodandwine.test.js
2025-08-19 05:34:44,346 - Knowledge - INFO - Found code-base-name: https://github.com/kavia-common/Recipe-Scraper-7400.git:kavia-new-sources
2025-08-19 05:34:44,346 - Knowledge - INFO - Found code_base: <app.utils.kg_build.knowledge.KnowledgeCodeBase object at 0x7f2715ddf6d0>
2025-08-19 05:34:44,346 - Knowledge - INFO - persist ingested knowledge for /app/data/b2c/7400/b5568kg/Recipe-Scraper-7400/test/pinchofyum.test.js
2025-08-19 05:34:44,346 - Knowledge - INFO - adding /app/data/b2c/7400/b5568kg/Recipe-Scraper-7400/test/constants/averiecooksConstants.js to ingest queue
2025-08-19 05:34:44,346 - Knowledge - INFO - adding /app/data/b2c/7400/b5568kg/Recipe-Scraper-7400/test/constants/omnivorescookbookConstants.js to ingest queue
2025-08-19 05:34:44,347 - Knowledge - INFO - adding /app/data/b2c/7400/b5568kg/Recipe-Scraper-7400/test/thereaddealfoodrds.test.js to ingest queue
2025-08-19 05:34:44,347 - Knowledge - INFO - adding /app/data/b2c/7400/b5568kg/Recipe-Scraper-7400/test/whatsgabycooking.test.js to ingest queue
2025-08-19 05:34:44,347 - Knowledge - INFO - worker kw22 pull /app/data/b2c/7400/b5568kg/Recipe-Scraper-7400/scrapers/nomnompaleo.js from ingest queue
2025-08-19 05:34:44,392 - Knowledge - INFO - process ingested knowledge for /app/data/b2c/7400/b5568kg/Recipe-Scraper-7400/scrapers/nomnompaleo.js
2025-08-19 05:34:44,393 - Knowledge - INFO - process ingested knowledge for /app/data/b2c/7400/b5568kg/Recipe-Scraper-7400/helpers/puppeteerFetch.js
2025-08-19 05:34:44,410 - Knowledge - INFO - Found code-base-name: https://github.com/kavia-common/Recipe-Scraper-7400.git:kavia-new-sources
2025-08-19 05:34:44,411 - Knowledge - INFO - Found code_base: <app.utils.kg_build.knowledge.KnowledgeCodeBase object at 0x7f2715ddf6d0>
2025-08-19 05:34:44,411 - Knowledge - INFO - persist ingested knowledge for /app/data/b2c/7400/b5568kg/Recipe-Scraper-7400/package.json
2025-08-19 05:34:44,411 - Knowledge - INFO - Found code-base-name: https://github.com/kavia-common/Recipe-Scraper-7400.git:kavia-new-sources
2025-08-19 05:34:44,411 - Knowledge - INFO - Found code_base: <app.utils.kg_build.knowledge.KnowledgeCodeBase object at 0x7f2715ddf6d0>
2025-08-19 05:34:44,411 - Knowledge - INFO - persist ingested knowledge for /app/data/b2c/7400/b5568kg/Recipe-Scraper-7400/README.md
2025-08-19 05:34:44,411 - Knowledge - INFO - Found code-base-name: https://github.com/kavia-common/Recipe-Scraper-7400.git:kavia-new-sources
2025-08-19 05:34:44,411 - Knowledge - INFO - Found code_base: <app.utils.kg_build.knowledge.KnowledgeCodeBase object at 0x7f2715ddf6d0>
2025-08-19 05:34:44,411 - Knowledge - INFO - persist ingested knowledge for /app/data/b2c/7400/b5568kg/Recipe-Scraper-7400/test/bonappetit.test.js
2025-08-19 05:34:44,412 - Knowledge - INFO - Found code-base-name: https://github.com/kavia-common/Recipe-Scraper-7400.git:kavia-new-sources
2025-08-19 05:34:44,412 - Knowledge - INFO - Found code_base: <app.utils.kg_build.knowledge.KnowledgeCodeBase object at 0x7f2715ddf6d0>
2025-08-19 05:34:44,412 - Knowledge - INFO - persist ingested knowledge for /app/data/b2c/7400/b5568kg/Recipe-Scraper-7400/test/tastesbetterfromscratch.test.js
2025-08-19 05:34:44,412 - Knowledge - INFO - Found code-base-name: https://github.com/kavia-common/Recipe-Scraper-7400.git:kavia-new-sources
2025-08-19 05:34:44,412 - Knowledge - INFO - Found code_base: <app.utils.kg_build.knowledge.KnowledgeCodeBase object at 0x7f2715ddf6d0>
2025-08-19 05:34:44,412 - Knowledge - INFO - persist ingested knowledge for /app/data/b2c/7400/b5568kg/Recipe-Scraper-7400/helpers/recipe-schema.js
2025-08-19 05:34:44,465 - Knowledge - INFO - adding /app/data/b2c/7400/b5568kg/Recipe-Scraper-7400/test/constants/seriouseatsConstants.js to ingest queue
2025-08-19 05:34:44,747 - Knowledge - INFO - worker kw17 pull /app/data/b2c/7400/b5568kg/Recipe-Scraper-7400/scrapers/thepioneerwoman.js from ingest queue
2025-08-19 05:34:44,747 - Knowledge - INFO - worker kw3 pull /app/data/b2c/7400/b5568kg/Recipe-Scraper-7400/scrapers/yummly.js from ingest queue
2025-08-19 05:34:44,749 - Knowledge - INFO - adding /app/data/b2c/7400/b5568kg/Recipe-Scraper-7400/test/allRecipes.test.js to ingest queue
2025-08-19 05:34:44,749 - Knowledge - INFO - worker kw24 pull /app/data/b2c/7400/b5568kg/Recipe-Scraper-7400/scrapers/omnivorescookbook.js from ingest queue
2025-08-19 05:34:44,750 - Knowledge - INFO - adding /app/data/b2c/7400/b5568kg/Recipe-Scraper-7400/test/constants/tastebetterfromscratchConstants.js to ingest queue
2025-08-19 05:34:44,751 - Knowledge - INFO - worker kw14 pull /app/data/b2c/7400/b5568kg/Recipe-Scraper-7400/scrapers/simplyrecipes.js from ingest queue
2025-08-19 05:34:44,752 - Knowledge - INFO - Found code-base-name: https://github.com/kavia-common/Recipe-Scraper-7400.git:kavia-new-sources
2025-08-19 05:34:44,752 - Knowledge - INFO - Found code_base: <app.utils.kg_build.knowledge.KnowledgeCodeBase object at 0x7f2715ddf6d0>
2025-08-19 05:34:44,752 - Knowledge - INFO - persist ingested knowledge for /app/data/b2c/7400/b5568kg/Recipe-Scraper-7400/scrapers/nomnompaleo.js
2025-08-19 05:34:44,753 - Knowledge - INFO - Found code-base-name: https://github.com/kavia-common/Recipe-Scraper-7400.git:kavia-new-sources
2025-08-19 05:34:44,753 - Knowledge - INFO - Found code_base: <app.utils.kg_build.knowledge.KnowledgeCodeBase object at 0x7f2715ddf6d0>
2025-08-19 05:34:44,753 - Knowledge - INFO - persist ingested knowledge for /app/data/b2c/7400/b5568kg/Recipe-Scraper-7400/helpers/puppeteerFetch.js
2025-08-19 05:34:44,798 - Knowledge - INFO - process ingested knowledge for /app/data/b2c/7400/b5568kg/Recipe-Scraper-7400/scrapers/simplyrecipes.js
2025-08-19 05:34:44,799 - Knowledge - INFO - process ingested knowledge for /app/data/b2c/7400/b5568kg/Recipe-Scraper-7400/scrapers/omnivorescookbook.js
2025-08-19 05:34:44,799 - Knowledge - INFO - process ingested knowledge for /app/data/b2c/7400/b5568kg/Recipe-Scraper-7400/scrapers/thepioneerwoman.js
2025-08-19 05:34:44,799 - Knowledge - INFO - process ingested knowledge for /app/data/b2c/7400/b5568kg/Recipe-Scraper-7400/scrapers/yummly.js
2025-08-19 05:34:44,815 - Knowledge - INFO - adding /app/data/b2c/7400/b5568kg/Recipe-Scraper-7400/test/constants/kitchenstoriesConstants.js to ingest queue
2025-08-19 05:34:45,027 - Knowledge - INFO - worker kw20 pull /app/data/b2c/7400/b5568kg/Recipe-Scraper-7400/scrapers/damndelicious.js from ingest queue
2025-08-19 05:34:45,070 - Knowledge - INFO - process ingested knowledge for /app/data/b2c/7400/b5568kg/Recipe-Scraper-7400/scrapers/damndelicious.js
2025-08-19 05:34:45,109 - Knowledge - INFO - adding /app/data/b2c/7400/b5568kg/Recipe-Scraper-7400/test/smittenkitchen.test.js to ingest queue
2025-08-19 05:34:45,110 - Knowledge - INFO - adding /app/data/b2c/7400/b5568kg/Recipe-Scraper-7400/test/helpers/commonRecipeTest.js to ingest queue
2025-08-19 05:34:45,110 - Knowledge - INFO - adding /app/data/b2c/7400/b5568kg/Recipe-Scraper-7400/test/budgetbytes.test.js to ingest queue
2025-08-19 05:34:45,110 - Knowledge - INFO - worker kw9 pull /app/data/b2c/7400/b5568kg/Recipe-Scraper-7400/scrapers/myrecipes.js from ingest queue
2025-08-19 05:34:45,112 - Knowledge - INFO - adding /app/data/b2c/7400/b5568kg/Recipe-Scraper-7400/test/pinchofyum.test.js to ingest queue
2025-08-19 05:34:45,112 - Knowledge - INFO - worker kw23 pull /app/data/b2c/7400/b5568kg/Recipe-Scraper-7400/scrapers/bbc.js from ingest queue
2025-08-19 05:34:45,112 - Knowledge - INFO - worker kw4 pull /app/data/b2c/7400/b5568kg/Recipe-Scraper-7400/scrapers/seriouseats.js from ingest queue
2025-08-19 05:34:45,155 - Knowledge - INFO - process ingested knowledge for /app/data/b2c/7400/b5568kg/Recipe-Scraper-7400/scrapers/myrecipes.js
2025-08-19 05:34:45,156 - Knowledge - INFO - process ingested knowledge for /app/data/b2c/7400/b5568kg/Recipe-Scraper-7400/scrapers/bbc.js
2025-08-19 05:34:45,158 - Knowledge - INFO - process ingested knowledge for /app/data/b2c/7400/b5568kg/Recipe-Scraper-7400/scrapers/seriouseats.js
2025-08-19 05:34:45,233 - Knowledge - INFO - adding /app/data/b2c/7400/b5568kg/Recipe-Scraper-7400/helpers/puppeteerFetch.js to ingest queue
2025-08-19 05:34:45,233 - Knowledge - INFO - Found code-base-name: https://github.com/kavia-common/Recipe-Scraper-7400.git:kavia-new-sources
2025-08-19 05:34:45,233 - Knowledge - INFO - Found code_base: <app.utils.kg_build.knowledge.KnowledgeCodeBase object at 0x7f2715ddf6d0>
2025-08-19 05:34:45,233 - Knowledge - INFO - persist ingested knowledge for /app/data/b2c/7400/b5568kg/Recipe-Scraper-7400/scrapers/omnivorescookbook.js
2025-08-19 05:34:45,234 - Knowledge - INFO - Found code-base-name: https://github.com/kavia-common/Recipe-Scraper-7400.git:kavia-new-sources
2025-08-19 05:34:45,234 - Knowledge - INFO - Found code_base: <app.utils.kg_build.knowledge.KnowledgeCodeBase object at 0x7f2715ddf6d0>
2025-08-19 05:34:45,235 - Knowledge - INFO - persist ingested knowledge for /app/data/b2c/7400/b5568kg/Recipe-Scraper-7400/scrapers/yummly.js
2025-08-19 05:34:45,235 - Knowledge - INFO - worker kw5 pull /app/data/b2c/7400/b5568kg/Recipe-Scraper-7400/scrapers/therecipecritic.js from ingest queue
2025-08-19 05:34:45,236 - Knowledge - INFO - adding /app/data/b2c/7400/b5568kg/Recipe-Scraper-7400/README.md to ingest queue
2025-08-19 05:34:45,237 - Knowledge - INFO - worker kw16 pull /app/data/b2c/7400/b5568kg/Recipe-Scraper-7400/scrapers/kitchenstories.js from ingest queue
2025-08-19 05:34:45,240 - Knowledge - INFO - adding /app/data/b2c/7400/b5568kg/Recipe-Scraper-7400/helpers/recipe-schema.js to ingest queue
2025-08-19 05:34:45,240 - Knowledge - INFO - worker kw7 pull /app/data/b2c/7400/b5568kg/Recipe-Scraper-7400/scrapers/tasteofhome.js from ingest queue
2025-08-19 05:34:45,243 - Knowledge - INFO - worker kw11 pull /app/data/b2c/7400/b5568kg/Recipe-Scraper-7400/scrapers/averiecooks.js from ingest queue
2025-08-19 05:34:45,247 - Knowledge - INFO - adding /app/data/b2c/7400/b5568kg/Recipe-Scraper-7400/test/foodnetwork.test.js to ingest queue
2025-08-19 05:34:45,249 - Knowledge - INFO - worker kw6 pull /app/data/b2c/7400/b5568kg/Recipe-Scraper-7400/scrapers/copykat.js from ingest queue
2025-08-19 05:34:45,249 - Knowledge - INFO - adding /app/data/b2c/7400/b5568kg/Recipe-Scraper-7400/test/centraltexasfoodbank.test.js to ingest queue
2025-08-19 05:34:45,250 - Knowledge - INFO - adding /app/data/b2c/7400/b5568kg/Recipe-Scraper-7400/test/foodandwine.test.js to ingest queue
2025-08-19 05:34:45,251 - Knowledge - INFO - worker kw15 pull /app/data/b2c/7400/b5568kg/Recipe-Scraper-7400/scrapers/julieblanner.js from ingest queue
2025-08-19 05:34:45,253 - Knowledge - INFO - Found code-base-name: https://github.com/kavia-common/Recipe-Scraper-7400.git:kavia-new-sources
2025-08-19 05:34:45,253 - Knowledge - INFO - Found code_base: <app.utils.kg_build.knowledge.KnowledgeCodeBase object at 0x7f2715ddf6d0>
2025-08-19 05:34:45,253 - Knowledge - INFO - persist ingested knowledge for /app/data/b2c/7400/b5568kg/Recipe-Scraper-7400/scrapers/myrecipes.js
2025-08-19 05:34:45,254 - Knowledge - INFO - Found code-base-name: https://github.com/kavia-common/Recipe-Scraper-7400.git:kavia-new-sources
2025-08-19 05:34:45,254 - Knowledge - INFO - Found code_base: <app.utils.kg_build.knowledge.KnowledgeCodeBase object at 0x7f2715ddf6d0>
2025-08-19 05:34:45,254 - Knowledge - INFO - persist ingested knowledge for /app/data/b2c/7400/b5568kg/Recipe-Scraper-7400/scrapers/bbc.js
2025-08-19 05:34:45,255 - Knowledge - INFO - Found code-base-name: https://github.com/kavia-common/Recipe-Scraper-7400.git:kavia-new-sources
2025-08-19 05:34:45,255 - Knowledge - INFO - Found code_base: <app.utils.kg_build.knowledge.KnowledgeCodeBase object at 0x7f2715ddf6d0>
2025-08-19 05:34:45,255 - Knowledge - INFO - persist ingested knowledge for /app/data/b2c/7400/b5568kg/Recipe-Scraper-7400/scrapers/seriouseats.js
2025-08-19 05:34:45,255 - Knowledge - INFO - adding /app/data/b2c/7400/b5568kg/Recipe-Scraper-7400/scrapers/nomnompaleo.js to ingest queue
2025-08-19 05:34:45,255 - Knowledge - INFO - worker kw22 pull /app/data/b2c/7400/b5568kg/Recipe-Scraper-7400/scrapers/gimmesomeoven.js from ingest queue
2025-08-19 05:34:45,255 - Knowledge - INFO - Found code-base-name: https://github.com/kavia-common/Recipe-Scraper-7400.git:kavia-new-sources
2025-08-19 05:34:45,256 - Knowledge - INFO - Found code_base: <app.utils.kg_build.knowledge.KnowledgeCodeBase object at 0x7f2715ddf6d0>
2025-08-19 05:34:45,256 - Knowledge - INFO - persist ingested knowledge for /app/data/b2c/7400/b5568kg/Recipe-Scraper-7400/scrapers/simplyrecipes.js
2025-08-19 05:34:45,318 - Knowledge - INFO - process ingested knowledge for /app/data/b2c/7400/b5568kg/Recipe-Scraper-7400/scrapers/averiecooks.js
2025-08-19 05:34:45,319 - Knowledge - INFO - process ingested knowledge for /app/data/b2c/7400/b5568kg/Recipe-Scraper-7400/scrapers/kitchenstories.js
2025-08-19 05:34:45,319 - Knowledge - INFO - process ingested knowledge for /app/data/b2c/7400/b5568kg/Recipe-Scraper-7400/scrapers/tasteofhome.js
2025-08-19 05:34:45,321 - Knowledge - INFO - process ingested knowledge for /app/data/b2c/7400/b5568kg/Recipe-Scraper-7400/scrapers/therecipecritic.js
2025-08-19 05:34:45,322 - Knowledge - INFO - process ingested knowledge for /app/data/b2c/7400/b5568kg/Recipe-Scraper-7400/scrapers/julieblanner.js
2025-08-19 05:34:45,323 - Knowledge - INFO - process ingested knowledge for /app/data/b2c/7400/b5568kg/Recipe-Scraper-7400/scrapers/copykat.js
2025-08-19 05:34:45,324 - Knowledge - INFO - process ingested knowledge for /app/data/b2c/7400/b5568kg/Recipe-Scraper-7400/scrapers/gimmesomeoven.js
2025-08-19 05:34:45,339 - Knowledge - INFO - adding /app/data/b2c/7400/b5568kg/Recipe-Scraper-7400/scrapers/omnivorescookbook.js to ingest queue
2025-08-19 05:34:45,339 - Knowledge - INFO - worker kw24 pull /app/data/b2c/7400/b5568kg/Recipe-Scraper-7400/scrapers/ambitiouskitchen.js from ingest queue
2025-08-19 05:34:45,340 - Knowledge - INFO - adding /app/data/b2c/7400/b5568kg/Recipe-Scraper-7400/package.json to ingest queue
2025-08-19 05:34:45,340 - Knowledge - INFO - worker kw21 pull /app/data/b2c/7400/b5568kg/Recipe-Scraper-7400/scrapers/bonappetit.js from ingest queue
2025-08-19 05:34:45,341 - Knowledge - INFO - Found code-base-name: https://github.com/kavia-common/Recipe-Scraper-7400.git:kavia-new-sources
2025-08-19 05:34:45,341 - Knowledge - INFO - Found code_base: <app.utils.kg_build.knowledge.KnowledgeCodeBase object at 0x7f2715ddf6d0>
2025-08-19 05:34:45,341 - Knowledge - INFO - persist ingested knowledge for /app/data/b2c/7400/b5568kg/Recipe-Scraper-7400/scrapers/damndelicious.js
2025-08-19 05:34:45,342 - Knowledge - INFO - worker kw1 pull /app/data/b2c/7400/b5568kg/Recipe-Scraper-7400/scrapers/melskitchencafe.js from ingest queue
2025-08-19 05:34:45,343 - Knowledge - INFO - worker kw18 pull /app/data/b2c/7400/b5568kg/Recipe-Scraper-7400/scrapers/therealfoodrds.js from ingest queue
2025-08-19 05:34:45,344 - Knowledge - INFO - worker kw2 pull /app/data/b2c/7400/b5568kg/Recipe-Scraper-7400/scrapers/tastesbetterfromscratch.js from ingest queue
2025-08-19 05:34:45,426 - Knowledge - INFO - process ingested knowledge for /app/data/b2c/7400/b5568kg/Recipe-Scraper-7400/scrapers/tastesbetterfromscratch.js
2025-08-19 05:34:45,426 - Knowledge - INFO - process ingested knowledge for /app/data/b2c/7400/b5568kg/Recipe-Scraper-7400/scrapers/melskitchencafe.js
2025-08-19 05:34:45,428 - Knowledge - INFO - process ingested knowledge for /app/data/b2c/7400/b5568kg/Recipe-Scraper-7400/scrapers/therealfoodrds.js
2025-08-19 05:34:45,428 - Knowledge - INFO - process ingested knowledge for /app/data/b2c/7400/b5568kg/Recipe-Scraper-7400/scrapers/bonappetit.js
2025-08-19 05:34:45,430 - Knowledge - INFO - process ingested knowledge for /app/data/b2c/7400/b5568kg/Recipe-Scraper-7400/scrapers/ambitiouskitchen.js
2025-08-19 05:34:45,620 - Knowledge - INFO - Found code-base-name: https://github.com/kavia-common/Recipe-Scraper-7400.git:kavia-new-sources
2025-08-19 05:34:45,620 - Knowledge - INFO - Found code_base: <app.utils.kg_build.knowledge.KnowledgeCodeBase object at 0x7f2715ddf6d0>
2025-08-19 05:34:45,620 - Knowledge - INFO - persist ingested knowledge for /app/data/b2c/7400/b5568kg/Recipe-Scraper-7400/scrapers/thepioneerwoman.js
2025-08-19 05:34:45,620 - Knowledge - INFO - worker kw12 pull /app/data/b2c/7400/b5568kg/Recipe-Scraper-7400/scrapers/foodandwine.js from ingest queue
2025-08-19 05:34:45,659 - Knowledge - INFO - process ingested knowledge for /app/data/b2c/7400/b5568kg/Recipe-Scraper-7400/scrapers/foodandwine.js
2025-08-19 05:34:45,701 - Knowledge - INFO - Found code-base-name: https://github.com/kavia-common/Recipe-Scraper-7400.git:kavia-new-sources
2025-08-19 05:34:45,701 - Knowledge - INFO - Found code_base: <app.utils.kg_build.knowledge.KnowledgeCodeBase object at 0x7f2715ddf6d0>
2025-08-19 05:34:45,701 - Knowledge - INFO - persist ingested knowledge for /app/data/b2c/7400/b5568kg/Recipe-Scraper-7400/scrapers/averiecooks.js
2025-08-19 05:34:45,701 - Knowledge - INFO - Found code-base-name: https://github.com/kavia-common/Recipe-Scraper-7400.git:kavia-new-sources
2025-08-19 05:34:45,702 - Knowledge - INFO - Found code_base: <app.utils.kg_build.knowledge.KnowledgeCodeBase object at 0x7f2715ddf6d0>
2025-08-19 05:34:45,702 - Knowledge - INFO - persist ingested knowledge for /app/data/b2c/7400/b5568kg/Recipe-Scraper-7400/scrapers/tasteofhome.js
2025-08-19 05:34:45,702 - Knowledge - INFO - Found code-base-name: https://github.com/kavia-common/Recipe-Scraper-7400.git:kavia-new-sources
2025-08-19 05:34:45,702 - Knowledge - INFO - Found code_base: <app.utils.kg_build.knowledge.KnowledgeCodeBase object at 0x7f2715ddf6d0>
2025-08-19 05:34:45,702 - Knowledge - INFO - persist ingested knowledge for /app/data/b2c/7400/b5568kg/Recipe-Scraper-7400/scrapers/kitchenstories.js
2025-08-19 05:34:45,702 - Knowledge - INFO - Found code-base-name: https://github.com/kavia-common/Recipe-Scraper-7400.git:kavia-new-sources
2025-08-19 05:34:45,702 - Knowledge - INFO - Found code_base: <app.utils.kg_build.knowledge.KnowledgeCodeBase object at 0x7f2715ddf6d0>
2025-08-19 05:34:45,703 - Knowledge - INFO - persist ingested knowledge for /app/data/b2c/7400/b5568kg/Recipe-Scraper-7400/scrapers/julieblanner.js
2025-08-19 05:34:45,703 - Knowledge - INFO - Found code-base-name: https://github.com/kavia-common/Recipe-Scraper-7400.git:kavia-new-sources
2025-08-19 05:34:45,703 - Knowledge - INFO - Found code_base: <app.utils.kg_build.knowledge.KnowledgeCodeBase object at 0x7f2715ddf6d0>
2025-08-19 05:34:45,703 - Knowledge - INFO - persist ingested knowledge for /app/data/b2c/7400/b5568kg/Recipe-Scraper-7400/scrapers/therecipecritic.js
2025-08-19 05:34:45,703 - Knowledge - INFO - Found code-base-name: https://github.com/kavia-common/Recipe-Scraper-7400.git:kavia-new-sources
2025-08-19 05:34:45,703 - Knowledge - INFO - Found code_base: <app.utils.kg_build.knowledge.KnowledgeCodeBase object at 0x7f2715ddf6d0>
2025-08-19 05:34:45,703 - Knowledge - INFO - persist ingested knowledge for /app/data/b2c/7400/b5568kg/Recipe-Scraper-7400/scrapers/copykat.js
2025-08-19 05:34:45,703 - Knowledge - INFO - Found code-base-name: https://github.com/kavia-common/Recipe-Scraper-7400.git:kavia-new-sources
2025-08-19 05:34:45,704 - Knowledge - INFO - Found code_base: <app.utils.kg_build.knowledge.KnowledgeCodeBase object at 0x7f2715ddf6d0>
2025-08-19 05:34:45,704 - Knowledge - INFO - persist ingested knowledge for /app/data/b2c/7400/b5568kg/Recipe-Scraper-7400/scrapers/gimmesomeoven.js
2025-08-19 05:34:45,762 - Knowledge - INFO - adding /app/data/b2c/7400/b5568kg/Recipe-Scraper-7400/test/bonappetit.test.js to ingest queue
2025-08-19 05:34:45,762 - Knowledge - INFO - adding /app/data/b2c/7400/b5568kg/Recipe-Scraper-7400/test/tastesbetterfromscratch.test.js to ingest queue
2025-08-19 05:34:45,762 - Knowledge - INFO - worker kw13 pull /app/data/b2c/7400/b5568kg/Recipe-Scraper-7400/scrapers/smittenkitchen.js from ingest queue
2025-08-19 05:34:45,763 - Knowledge - INFO - Found code-base-name: https://github.com/kavia-common/Recipe-Scraper-7400.git:kavia-new-sources
2025-08-19 05:34:45,763 - Knowledge - INFO - Found code_base: <app.utils.kg_build.knowledge.KnowledgeCodeBase object at 0x7f2715ddf6d0>
2025-08-19 05:34:45,763 - Knowledge - INFO - persist ingested knowledge for /app/data/b2c/7400/b5568kg/Recipe-Scraper-7400/scrapers/melskitchencafe.js
2025-08-19 05:34:45,764 - Knowledge - INFO - Found code-base-name: https://github.com/kavia-common/Recipe-Scraper-7400.git:kavia-new-sources
2025-08-19 05:34:45,764 - Knowledge - INFO - Found code_base: <app.utils.kg_build.knowledge.KnowledgeCodeBase object at 0x7f2715ddf6d0>
2025-08-19 05:34:45,764 - Knowledge - INFO - persist ingested knowledge for /app/data/b2c/7400/b5568kg/Recipe-Scraper-7400/scrapers/therealfoodrds.js
2025-08-19 05:34:45,765 - Knowledge - INFO - Found code-base-name: https://github.com/kavia-common/Recipe-Scraper-7400.git:kavia-new-sources
2025-08-19 05:34:45,765 - Knowledge - INFO - Found code_base: <app.utils.kg_build.knowledge.KnowledgeCodeBase object at 0x7f2715ddf6d0>
2025-08-19 05:34:45,765 - Knowledge - INFO - persist ingested knowledge for /app/data/b2c/7400/b5568kg/Recipe-Scraper-7400/scrapers/bonappetit.js
2025-08-19 05:34:45,765 - Knowledge - INFO - Found code-base-name: https://github.com/kavia-common/Recipe-Scraper-7400.git:kavia-new-sources
2025-08-19 05:34:45,765 - Knowledge - INFO - Found code_base: <app.utils.kg_build.knowledge.KnowledgeCodeBase object at 0x7f2715ddf6d0>
2025-08-19 05:34:45,765 - Knowledge - INFO - persist ingested knowledge for /app/data/b2c/7400/b5568kg/Recipe-Scraper-7400/scrapers/ambitiouskitchen.js
2025-08-19 05:34:45,766 - Knowledge - INFO - adding /app/data/b2c/7400/b5568kg/Recipe-Scraper-7400/test/closetcooking.test.js to ingest queue
2025-08-19 05:34:45,766 - Knowledge - INFO - adding /app/data/b2c/7400/b5568kg/Recipe-Scraper-7400/scrapers/myrecipes.js to ingest queue
2025-08-19 05:34:45,799 - Knowledge - INFO - process ingested knowledge for /app/data/b2c/7400/b5568kg/Recipe-Scraper-7400/scrapers/smittenkitchen.js
2025-08-19 05:34:45,834 - Knowledge - INFO - Found code-base-name: https://github.com/kavia-common/Recipe-Scraper-7400.git:kavia-new-sources
2025-08-19 05:34:45,835 - Knowledge - INFO - Found code_base: <app.utils.kg_build.knowledge.KnowledgeCodeBase object at 0x7f2715ddf6d0>
2025-08-19 05:34:45,835 - Knowledge - INFO - persist ingested knowledge for /app/data/b2c/7400/b5568kg/Recipe-Scraper-7400/scrapers/foodandwine.js
2025-08-19 05:34:45,891 - Knowledge - INFO - adding /app/data/b2c/7400/b5568kg/Recipe-Scraper-7400/scrapers/simplyrecipes.js to ingest queue
2025-08-19 05:34:45,996 - Knowledge - INFO - adding /app/data/b2c/7400/b5568kg/Recipe-Scraper-7400/scrapers/julieblanner.js to ingest queue
2025-08-19 05:34:46,053 - Knowledge - INFO - worker kw19 pull /app/data/b2c/7400/b5568kg/Recipe-Scraper-7400/scrapers/foodnetwork.js from ingest queue
2025-08-19 05:34:46,056 - Knowledge - INFO - adding /app/data/b2c/7400/b5568kg/Recipe-Scraper-7400/test/cookieandkate.test.js to ingest queue
2025-08-19 05:34:46,056 - Knowledge - INFO - worker kw10 pull /app/data/b2c/7400/b5568kg/Recipe-Scraper-7400/scrapers/budgetbytes.js from ingest queue
2025-08-19 05:34:46,057 - Knowledge - INFO - adding /app/data/b2c/7400/b5568kg/Recipe-Scraper-7400/scrapers/yummly.js to ingest queue
2025-08-19 05:34:46,057 - Knowledge - INFO - worker kw3 pull /app/data/b2c/7400/b5568kg/Recipe-Scraper-7400/scrapers/cookieandkate.js from ingest queue
2025-08-19 05:34:46,101 - Knowledge - INFO - process ingested knowledge for /app/data/b2c/7400/b5568kg/Recipe-Scraper-7400/scrapers/budgetbytes.js
2025-08-19 05:34:46,101 - Knowledge - INFO - process ingested knowledge for /app/data/b2c/7400/b5568kg/Recipe-Scraper-7400/scrapers/foodnetwork.js
2025-08-19 05:34:46,102 - Knowledge - INFO - process ingested knowledge for /app/data/b2c/7400/b5568kg/Recipe-Scraper-7400/scrapers/cookieandkate.js
2025-08-19 05:34:46,229 - Knowledge - INFO - worker kw8 pull /app/data/b2c/7400/b5568kg/Recipe-Scraper-7400/scrapers/pinchofyum.js from ingest queue
2025-08-19 05:34:46,229 - Knowledge - INFO - adding /app/data/b2c/7400/b5568kg/Recipe-Scraper-7400/scrapers/bbc.js to ingest queue
2025-08-19 05:34:46,230 - Knowledge - INFO - adding /app/data/b2c/7400/b5568kg/Recipe-Scraper-7400/scrapers/seriouseats.js to ingest queue
2025-08-19 05:34:46,230 - Knowledge - INFO - worker kw4 pull /app/data/b2c/7400/b5568kg/Recipe-Scraper-7400/scrapers/centraltexasfoodbank.js from ingest queue
2025-08-19 05:34:46,231 - Knowledge - INFO - adding /app/data/b2c/7400/b5568kg/Recipe-Scraper-7400/scrapers/thepioneerwoman.js to ingest queue
2025-08-19 05:34:46,233 - Knowledge - INFO - worker kw14 pull /app/data/b2c/7400/b5568kg/Recipe-Scraper-7400/scrapers/epicurious.js from ingest queue
2025-08-19 05:34:46,274 - Knowledge - INFO - process ingested knowledge for /app/data/b2c/7400/b5568kg/Recipe-Scraper-7400/scrapers/centraltexasfoodbank.js
2025-08-19 05:34:46,290 - Knowledge - INFO - process ingested knowledge for /app/data/b2c/7400/b5568kg/Recipe-Scraper-7400/scrapers/epicurious.js
2025-08-19 05:34:46,291 - Knowledge - INFO - process ingested knowledge for /app/data/b2c/7400/b5568kg/Recipe-Scraper-7400/scrapers/pinchofyum.js
2025-08-19 05:34:46,312 - Knowledge - INFO - adding /app/data/b2c/7400/b5568kg/Recipe-Scraper-7400/scrapers/averiecooks.js to ingest queue
2025-08-19 05:34:46,312 - Knowledge - INFO - adding /app/data/b2c/7400/b5568kg/Recipe-Scraper-7400/scrapers/tasteofhome.js to ingest queue
2025-08-19 05:34:46,312 - Knowledge - INFO - worker kw15 pull /app/data/b2c/7400/b5568kg/Recipe-Scraper-7400/scrapers/food.js from ingest queue
2025-08-19 05:34:46,348 - Knowledge - INFO - process ingested knowledge for /app/data/b2c/7400/b5568kg/Recipe-Scraper-7400/scrapers/food.js
2025-08-19 05:34:46,379 - Knowledge - INFO - adding /app/data/b2c/7400/b5568kg/Recipe-Scraper-7400/scrapers/copykat.js to ingest queue
2025-08-19 05:34:46,379 - Knowledge - INFO - worker kw25 pull /app/data/b2c/7400/b5568kg/Recipe-Scraper-7400/scrapers/woolworths.js from ingest queue
2025-08-19 05:34:46,410 - Knowledge - INFO - process ingested knowledge for /app/data/b2c/7400/b5568kg/Recipe-Scraper-7400/scrapers/woolworths.js
2025-08-19 05:34:46,445 - Knowledge - INFO - Found code-base-name: https://github.com/kavia-common/Recipe-Scraper-7400.git:kavia-new-sources
2025-08-19 05:34:46,445 - Knowledge - INFO - Found code_base: <app.utils.kg_build.knowledge.KnowledgeCodeBase object at 0x7f2715ddf6d0>
2025-08-19 05:34:46,446 - Knowledge - INFO - persist ingested knowledge for /app/data/b2c/7400/b5568kg/Recipe-Scraper-7400/scrapers/tastesbetterfromscratch.js
2025-08-19 05:34:46,446 - Knowledge - INFO - Found code-base-name: https://github.com/kavia-common/Recipe-Scraper-7400.git:kavia-new-sources
2025-08-19 05:34:46,446 - Knowledge - INFO - Found code_base: <app.utils.kg_build.knowledge.KnowledgeCodeBase object at 0x7f2715ddf6d0>
2025-08-19 05:34:46,446 - Knowledge - INFO - persist ingested knowledge for /app/data/b2c/7400/b5568kg/Recipe-Scraper-7400/scrapers/foodnetwork.js
2025-08-19 05:34:46,446 - Knowledge - INFO - Found code-base-name: https://github.com/kavia-common/Recipe-Scraper-7400.git:kavia-new-sources
2025-08-19 05:34:46,446 - Knowledge - INFO - Found code_base: <app.utils.kg_build.knowledge.KnowledgeCodeBase object at 0x7f2715ddf6d0>
2025-08-19 05:34:46,446 - Knowledge - INFO - persist ingested knowledge for /app/data/b2c/7400/b5568kg/Recipe-Scraper-7400/scrapers/cookieandkate.js
2025-08-19 05:34:46,447 - Knowledge - INFO - Found code-base-name: https://github.com/kavia-common/Recipe-Scraper-7400.git:kavia-new-sources
2025-08-19 05:34:46,447 - Knowledge - INFO - Found code_base: <app.utils.kg_build.knowledge.KnowledgeCodeBase object at 0x7f2715ddf6d0>
2025-08-19 05:34:46,447 - Knowledge - INFO - persist ingested knowledge for /app/data/b2c/7400/b5568kg/Recipe-Scraper-7400/scrapers/budgetbytes.js
2025-08-19 05:34:46,447 - Knowledge - INFO - adding /app/data/b2c/7400/b5568kg/Recipe-Scraper-7400/scrapers/melskitchencafe.js to ingest queue
2025-08-19 05:34:46,448 - Knowledge - INFO - adding /app/data/b2c/7400/b5568kg/Recipe-Scraper-7400/scrapers/bonappetit.js to ingest queue
2025-08-19 05:34:46,448 - Knowledge - INFO - adding /app/data/b2c/7400/b5568kg/Recipe-Scraper-7400/scrapers/ambitiouskitchen.js to ingest queue
2025-08-19 05:34:46,448 - Knowledge - INFO - worker kw9 pull /app/data/b2c/7400/b5568kg/Recipe-Scraper-7400/scrapers/bbcgoodfood.js from ingest queue
2025-08-19 05:34:46,449 - Knowledge - INFO - Found code-base-name: https://github.com/kavia-common/Recipe-Scraper-7400.git:kavia-new-sources
2025-08-19 05:34:46,449 - Knowledge - INFO - Found code_base: <app.utils.kg_build.knowledge.KnowledgeCodeBase object at 0x7f2715ddf6d0>
2025-08-19 05:34:46,449 - Knowledge - INFO - persist ingested knowledge for /app/data/b2c/7400/b5568kg/Recipe-Scraper-7400/scrapers/smittenkitchen.js
2025-08-19 05:34:46,480 - Knowledge - INFO - process ingested knowledge for /app/data/b2c/7400/b5568kg/Recipe-Scraper-7400/scrapers/bbcgoodfood.js
2025-08-19 05:34:46,517 - Knowledge - INFO - Found code-base-name: https://github.com/kavia-common/Recipe-Scraper-7400.git:kavia-new-sources
2025-08-19 05:34:46,518 - Knowledge - INFO - Found code_base: <app.utils.kg_build.knowledge.KnowledgeCodeBase object at 0x7f2715ddf6d0>
2025-08-19 05:34:46,518 - Knowledge - INFO - persist ingested knowledge for /app/data/b2c/7400/b5568kg/Recipe-Scraper-7400/scrapers/centraltexasfoodbank.js
2025-08-19 05:34:46,574 - Knowledge - INFO - Found code-base-name: https://github.com/kavia-common/Recipe-Scraper-7400.git:kavia-new-sources
2025-08-19 05:34:46,574 - Knowledge - INFO - Found code_base: <app.utils.kg_build.knowledge.KnowledgeCodeBase object at 0x7f2715ddf6d0>
2025-08-19 05:34:46,574 - Knowledge - INFO - persist ingested knowledge for /app/data/b2c/7400/b5568kg/Recipe-Scraper-7400/scrapers/pinchofyum.js
2025-08-19 05:34:46,574 - Knowledge - INFO - worker kw11 pull /app/data/b2c/7400/b5568kg/Recipe-Scraper-7400/scrapers/index.js from ingest queue
2025-08-19 05:34:46,606 - Knowledge - INFO - process ingested knowledge for /app/data/b2c/7400/b5568kg/Recipe-Scraper-7400/scrapers/index.js
2025-08-19 05:34:46,641 - Knowledge - INFO - adding /app/data/b2c/7400/b5568kg/Recipe-Scraper-7400/scrapers/kitchenstories.js to ingest queue
2025-08-19 05:34:46,641 - Knowledge - INFO - worker kw7 pull /app/data/b2c/7400/b5568kg/Recipe-Scraper-7400/scrapers/recipetineats.js from ingest queue
2025-08-19 05:34:46,642 - Knowledge - INFO - adding /app/data/b2c/7400/b5568kg/Recipe-Scraper-7400/scrapers/gimmesomeoven.js to ingest queue
2025-08-19 05:34:46,642 - Knowledge - INFO - worker kw22 pull /app/data/b2c/7400/b5568kg/Recipe-Scraper-7400/scrapers/gimmedelicious.js from ingest queue
2025-08-19 05:34:46,689 - Knowledge - INFO - process ingested knowledge for /app/data/b2c/7400/b5568kg/Recipe-Scraper-7400/scrapers/gimmedelicious.js
2025-08-19 05:34:46,689 - Knowledge - INFO - process ingested knowledge for /app/data/b2c/7400/b5568kg/Recipe-Scraper-7400/scrapers/recipetineats.js
2025-08-19 05:34:46,721 - Knowledge - INFO - adding /app/data/b2c/7400/b5568kg/Recipe-Scraper-7400/scrapers/therealfoodrds.js to ingest queue
2025-08-19 05:34:46,829 - Knowledge - INFO - worker kw21 pull /app/data/b2c/7400/b5568kg/Recipe-Scraper-7400/scrapers/thespruceeats.js from ingest queue
2025-08-19 05:34:46,830 - Knowledge - INFO - worker kw23 pull /app/data/b2c/7400/b5568kg/Recipe-Scraper-7400/scrapers/101cookbooks.js from ingest queue
2025-08-19 05:34:46,831 - Knowledge - INFO - worker kw1 pull /app/data/b2c/7400/b5568kg/Recipe-Scraper-7400/scrapers/minimalistbaker.js from ingest queue
2025-08-19 05:34:46,832 - Knowledge - INFO - worker kw17 pull /app/data/b2c/7400/b5568kg/Recipe-Scraper-7400/scrapers/theblackpeppercorn.js from ingest queue
2025-08-19 05:34:46,872 - Knowledge - INFO - process ingested knowledge for /app/data/b2c/7400/b5568kg/Recipe-Scraper-7400/scrapers/101cookbooks.js
2025-08-19 05:34:46,876 - Knowledge - INFO - process ingested knowledge for /app/data/b2c/7400/b5568kg/Recipe-Scraper-7400/scrapers/minimalistbaker.js
2025-08-19 05:34:46,887 - Knowledge - INFO - process ingested knowledge for /app/data/b2c/7400/b5568kg/Recipe-Scraper-7400/scrapers/theblackpeppercorn.js
2025-08-19 05:34:46,890 - Knowledge - INFO - process ingested knowledge for /app/data/b2c/7400/b5568kg/Recipe-Scraper-7400/scrapers/thespruceeats.js
2025-08-19 05:34:46,907 - Knowledge - INFO - adding /app/data/b2c/7400/b5568kg/Recipe-Scraper-7400/scrapers/foodandwine.js to ingest queue
2025-08-19 05:34:46,908 - Knowledge - INFO - Found code-base-name: https://github.com/kavia-common/Recipe-Scraper-7400.git:kavia-new-sources
2025-08-19 05:34:46,908 - Knowledge - INFO - Found code_base: <app.utils.kg_build.knowledge.KnowledgeCodeBase object at 0x7f2715ddf6d0>
2025-08-19 05:34:46,908 - Knowledge - INFO - persist ingested knowledge for /app/data/b2c/7400/b5568kg/Recipe-Scraper-7400/scrapers/epicurious.js
2025-08-19 05:34:46,972 - Knowledge - INFO - adding /app/data/b2c/7400/b5568kg/Recipe-Scraper-7400/scrapers/pinchofyum.js to ingest queue
2025-08-19 05:34:46,972 - Knowledge - INFO - Found code-base-name: https://github.com/kavia-common/Recipe-Scraper-7400.git:kavia-new-sources
2025-08-19 05:34:46,973 - Knowledge - INFO - Found code_base: <app.utils.kg_build.knowledge.KnowledgeCodeBase object at 0x7f2715ddf6d0>
2025-08-19 05:34:46,973 - Knowledge - INFO - persist ingested knowledge for /app/data/b2c/7400/b5568kg/Recipe-Scraper-7400/scrapers/index.js
2025-08-19 05:34:46,973 - Knowledge - INFO - adding /app/data/b2c/7400/b5568kg/Recipe-Scraper-7400/scrapers/centraltexasfoodbank.js to ingest queue
2025-08-19 05:34:46,973 - Knowledge - INFO - Found code-base-name: https://github.com/kavia-common/Recipe-Scraper-7400.git:kavia-new-sources
2025-08-19 05:34:46,973 - Knowledge - INFO - Found code_base: <app.utils.kg_build.knowledge.KnowledgeCodeBase object at 0x7f2715ddf6d0>
2025-08-19 05:34:46,974 - Knowledge - INFO - persist ingested knowledge for /app/data/b2c/7400/b5568kg/Recipe-Scraper-7400/scrapers/food.js
2025-08-19 05:34:46,974 - Knowledge - INFO - adding /app/data/b2c/7400/b5568kg/Recipe-Scraper-7400/scrapers/therecipecritic.js to ingest queue
2025-08-19 05:34:46,974 - Knowledge - INFO - worker kw6 pull /app/data/b2c/7400/b5568kg/Recipe-Scraper-7400/scrapers/eatingwell.js from ingest queue
2025-08-19 05:34:47,012 - Knowledge - INFO - process ingested knowledge for /app/data/b2c/7400/b5568kg/Recipe-Scraper-7400/scrapers/eatingwell.js
2025-08-19 05:34:47,062 - Knowledge - INFO - Found code-base-name: https://github.com/kavia-common/Recipe-Scraper-7400.git:kavia-new-sources
2025-08-19 05:34:47,063 - Knowledge - INFO - Found code_base: <app.utils.kg_build.knowledge.KnowledgeCodeBase object at 0x7f2715ddf6d0>
2025-08-19 05:34:47,063 - Knowledge - INFO - persist ingested knowledge for /app/data/b2c/7400/b5568kg/Recipe-Scraper-7400/scrapers/woolworths.js
2025-08-19 05:34:47,065 - Knowledge - INFO - Found code-base-name: https://github.com/kavia-common/Recipe-Scraper-7400.git:kavia-new-sources
2025-08-19 05:34:47,065 - Knowledge - INFO - Found code_base: <app.utils.kg_build.knowledge.KnowledgeCodeBase object at 0x7f2715ddf6d0>
2025-08-19 05:34:47,065 - Knowledge - INFO - persist ingested knowledge for /app/data/b2c/7400/b5568kg/Recipe-Scraper-7400/scrapers/gimmedelicious.js
2025-08-19 05:34:47,066 - Knowledge - INFO - Found code-base-name: https://github.com/kavia-common/Recipe-Scraper-7400.git:kavia-new-sources
2025-08-19 05:34:47,066 - Knowledge - INFO - Found code_base: <app.utils.kg_build.knowledge.KnowledgeCodeBase object at 0x7f2715ddf6d0>
2025-08-19 05:34:47,067 - Knowledge - INFO - persist ingested knowledge for /app/data/b2c/7400/b5568kg/Recipe-Scraper-7400/scrapers/recipetineats.js
2025-08-19 05:34:47,070 - Knowledge - INFO - worker kw18 pull /app/data/b2c/7400/b5568kg/Recipe-Scraper-7400/scrapers/closetcooking.js from ingest queue
2025-08-19 05:34:47,126 - Knowledge - INFO - process ingested knowledge for /app/data/b2c/7400/b5568kg/Recipe-Scraper-7400/scrapers/closetcooking.js
2025-08-19 05:34:47,144 - Knowledge - INFO - adding /app/data/b2c/7400/b5568kg/Recipe-Scraper-7400/scrapers/cookieandkate.js to ingest queue
2025-08-19 05:34:47,144 - Knowledge - INFO - adding /app/data/b2c/7400/b5568kg/Recipe-Scraper-7400/scrapers/foodnetwork.js to ingest queue
2025-08-19 05:34:47,145 - Knowledge - INFO - adding /app/data/b2c/7400/b5568kg/Recipe-Scraper-7400/scrapers/budgetbytes.js to ingest queue
2025-08-19 05:34:47,145 - Knowledge - INFO - Found code-base-name: https://github.com/kavia-common/Recipe-Scraper-7400.git:kavia-new-sources
2025-08-19 05:34:47,145 - Knowledge - INFO - Found code_base: <app.utils.kg_build.knowledge.KnowledgeCodeBase object at 0x7f2715ddf6d0>
2025-08-19 05:34:47,145 - Knowledge - INFO - persist ingested knowledge for /app/data/b2c/7400/b5568kg/Recipe-Scraper-7400/scrapers/bbcgoodfood.js
2025-08-19 05:34:47,146 - Knowledge - INFO - Found code-base-name: https://github.com/kavia-common/Recipe-Scraper-7400.git:kavia-new-sources
2025-08-19 05:34:47,146 - Knowledge - INFO - Found code_base: <app.utils.kg_build.knowledge.KnowledgeCodeBase object at 0x7f2715ddf6d0>
2025-08-19 05:34:47,146 - Knowledge - INFO - persist ingested knowledge for /app/data/b2c/7400/b5568kg/Recipe-Scraper-7400/scrapers/101cookbooks.js
2025-08-19 05:34:47,146 - Knowledge - INFO - Found code-base-name: https://github.com/kavia-common/Recipe-Scraper-7400.git:kavia-new-sources
2025-08-19 05:34:47,146 - Knowledge - INFO - Found code_base: <app.utils.kg_build.knowledge.KnowledgeCodeBase object at 0x7f2715ddf6d0>
2025-08-19 05:34:47,146 - Knowledge - INFO - persist ingested knowledge for /app/data/b2c/7400/b5568kg/Recipe-Scraper-7400/scrapers/minimalistbaker.js
2025-08-19 05:34:47,147 - Knowledge - INFO - Found code-base-name: https://github.com/kavia-common/Recipe-Scraper-7400.git:kavia-new-sources
2025-08-19 05:34:47,147 - Knowledge - INFO - Found code_base: <app.utils.kg_build.knowledge.KnowledgeCodeBase object at 0x7f2715ddf6d0>
2025-08-19 05:34:47,147 - Knowledge - INFO - persist ingested knowledge for /app/data/b2c/7400/b5568kg/Recipe-Scraper-7400/scrapers/theblackpeppercorn.js
2025-08-19 05:34:47,147 - Knowledge - INFO - Found code-base-name: https://github.com/kavia-common/Recipe-Scraper-7400.git:kavia-new-sources
2025-08-19 05:34:47,147 - Knowledge - INFO - Found code_base: <app.utils.kg_build.knowledge.KnowledgeCodeBase object at 0x7f2715ddf6d0>
2025-08-19 05:34:47,147 - Knowledge - INFO - persist ingested knowledge for /app/data/b2c/7400/b5568kg/Recipe-Scraper-7400/scrapers/thespruceeats.js
2025-08-19 05:34:47,147 - Knowledge - INFO - worker kw12 pull /app/data/b2c/7400/b5568kg/Recipe-Scraper-7400/scrapers/whatsgabycooking.js from ingest queue
2025-08-19 05:34:47,189 - Knowledge - INFO - process ingested knowledge for /app/data/b2c/7400/b5568kg/Recipe-Scraper-7400/scrapers/whatsgabycooking.js
2025-08-19 05:34:47,223 - Knowledge - INFO - worker kw16 pull /app/data/b2c/7400/b5568kg/Recipe-Scraper-7400/scrapers/allrecipes.js from ingest queue
2025-08-19 05:34:47,255 - Knowledge - INFO - process ingested knowledge for /app/data/b2c/7400/b5568kg/Recipe-Scraper-7400/scrapers/allrecipes.js
2025-08-19 05:34:47,346 - Knowledge - INFO - worker kw4 pull /app/data/b2c/7400/b5568kg/Recipe-Scraper-7400/test/seriouseats.test.js from ingest queue
2025-08-19 05:34:47,346 - Knowledge - INFO - Thread kw4 - File seriouseats.test.js - Remaining files in queue: 100
2025-08-19 05:34:47,347 - Knowledge - INFO - start ingest for /app/data/b2c/7400/b5568kg/Recipe-Scraper-7400/test/seriouseats.test.js
2025-08-19 05:34:47,347 - Knowledge - INFO - worker kw5 pull /app/data/b2c/7400/b5568kg/Recipe-Scraper-7400/test/averiecooks.test.js from ingest queue
2025-08-19 05:34:47,347 - Knowledge - INFO - Thread kw5 - File averiecooks.test.js - Remaining files in queue: 99
2025-08-19 05:34:47,348 - Knowledge - INFO - start ingest for /app/data/b2c/7400/b5568kg/Recipe-Scraper-7400/test/averiecooks.test.js
2025-08-19 05:34:47,349 - Knowledge - INFO - Fast-track processing for simple file: /app/data/b2c/7400/b5568kg/Recipe-Scraper-7400/test/averiecooks.test.js
2025-08-19 05:34:47,349 - Knowledge - INFO - done fast ingest for /app/data/b2c/7400/b5568kg/Recipe-Scraper-7400/test/averiecooks.test.js
2025-08-19 05:34:47,383 - Knowledge - INFO - process ingested knowledge for /app/data/b2c/7400/b5568kg/Recipe-Scraper-7400/test/averiecooks.test.js
2025-08-19 05:34:47,434 - Knowledge - INFO - adding /app/data/b2c/7400/b5568kg/Recipe-Scraper-7400/scrapers/damndelicious.js to ingest queue
2025-08-19 05:34:47,510 - Knowledge - INFO - Found code-base-name: https://github.com/kavia-common/Recipe-Scraper-7400.git:kavia-new-sources
2025-08-19 05:34:47,511 - Knowledge - INFO - Found code_base: <app.utils.kg_build.knowledge.KnowledgeCodeBase object at 0x7f2715ddf6d0>
2025-08-19 05:34:47,511 - Knowledge - INFO - persist ingested knowledge for /app/data/b2c/7400/b5568kg/Recipe-Scraper-7400/scrapers/closetcooking.js
2025-08-19 05:34:47,513 - Knowledge - INFO - adding /app/data/b2c/7400/b5568kg/Recipe-Scraper-7400/scrapers/tastesbetterfromscratch.js to ingest queue
2025-08-19 05:34:47,514 - Knowledge - INFO - worker kw19 pull /app/data/b2c/7400/b5568kg/Recipe-Scraper-7400/test/simplyrecipes.test.js from ingest queue
2025-08-19 05:34:47,514 - Knowledge - INFO - Thread kw19 - File simplyrecipes.test.js - Remaining files in queue: 100
2025-08-19 05:34:47,515 - Knowledge - INFO - start ingest for /app/data/b2c/7400/b5568kg/Recipe-Scraper-7400/test/simplyrecipes.test.js
2025-08-19 05:34:47,515 - Knowledge - INFO - worker kw24 pull /app/data/b2c/7400/b5568kg/Recipe-Scraper-7400/test/gimmesomeoven.test.js from ingest queue
2025-08-19 05:34:47,515 - Knowledge - INFO - Thread kw24 - File gimmesomeoven.test.js - Remaining files in queue: 99
2025-08-19 05:34:47,515 - Knowledge - INFO - start ingest for /app/data/b2c/7400/b5568kg/Recipe-Scraper-7400/test/gimmesomeoven.test.js
2025-08-19 05:34:47,516 - Knowledge - INFO - worker kw3 pull /app/data/b2c/7400/b5568kg/Recipe-Scraper-7400/test/ambitiouskitchen.test.js from ingest queue
2025-08-19 05:34:47,516 - Knowledge - INFO - Thread kw3 - File ambitiouskitchen.test.js - Remaining files in queue: 98
2025-08-19 05:34:47,516 - Knowledge - INFO - start ingest for /app/data/b2c/7400/b5568kg/Recipe-Scraper-7400/test/ambitiouskitchen.test.js
2025-08-19 05:34:47,522 - Knowledge - INFO - Fast-track processing for simple file: /app/data/b2c/7400/b5568kg/Recipe-Scraper-7400/test/simplyrecipes.test.js
2025-08-19 05:34:47,522 - Knowledge - INFO - done fast ingest for /app/data/b2c/7400/b5568kg/Recipe-Scraper-7400/test/simplyrecipes.test.js
2025-08-19 05:34:47,522 - Knowledge - INFO - Fast-track processing for simple file: /app/data/b2c/7400/b5568kg/Recipe-Scraper-7400/test/gimmesomeoven.test.js
2025-08-19 05:34:47,523 - Knowledge - INFO - done fast ingest for /app/data/b2c/7400/b5568kg/Recipe-Scraper-7400/test/gimmesomeoven.test.js
2025-08-19 05:34:47,523 - Knowledge - INFO - Fast-track processing for simple file: /app/data/b2c/7400/b5568kg/Recipe-Scraper-7400/test/ambitiouskitchen.test.js
2025-08-19 05:34:47,523 - Knowledge - INFO - done fast ingest for /app/data/b2c/7400/b5568kg/Recipe-Scraper-7400/test/ambitiouskitchen.test.js
2025-08-19 05:34:47,539 - Knowledge - INFO - process ingested knowledge for /app/data/b2c/7400/b5568kg/Recipe-Scraper-7400/test/ambitiouskitchen.test.js
2025-08-19 05:34:47,544 - Knowledge - INFO - process ingested knowledge for /app/data/b2c/7400/b5568kg/Recipe-Scraper-7400/test/gimmesomeoven.test.js
2025-08-19 05:34:47,545 - Knowledge - INFO - process ingested knowledge for /app/data/b2c/7400/b5568kg/Recipe-Scraper-7400/test/simplyrecipes.test.js
2025-08-19 05:34:47,849 - Knowledge - INFO - adding /app/data/b2c/7400/b5568kg/Recipe-Scraper-7400/scrapers/bbcgoodfood.js to ingest queue
2025-08-19 05:34:48,063 - Knowledge - INFO - adding /app/data/b2c/7400/b5568kg/Recipe-Scraper-7400/scrapers/smittenkitchen.js to ingest queue
2025-08-19 05:34:48,063 - Knowledge - INFO - Found code-base-name: https://github.com/kavia-common/Recipe-Scraper-7400.git:kavia-new-sources
2025-08-19 05:34:48,063 - Knowledge - INFO - Found code_base: <app.utils.kg_build.knowledge.KnowledgeCodeBase object at 0x7f2715ddf6d0>
2025-08-19 05:34:48,063 - Knowledge - INFO - persist ingested knowledge for /app/data/b2c/7400/b5568kg/Recipe-Scraper-7400/scrapers/whatsgabycooking.js
2025-08-19 05:34:48,064 - Knowledge - INFO - adding /app/data/b2c/7400/b5568kg/Recipe-Scraper-7400/scrapers/epicurious.js to ingest queue
2025-08-19 05:34:48,064 - Knowledge - INFO - Found code-base-name: https://github.com/kavia-common/Recipe-Scraper-7400.git:kavia-new-sources
2025-08-19 05:34:48,064 - Knowledge - INFO - Found code_base: <app.utils.kg_build.knowledge.KnowledgeCodeBase object at 0x7f2715ddf6d0>
2025-08-19 05:34:48,064 - Knowledge - INFO - persist ingested knowledge for /app/data/b2c/7400/b5568kg/Recipe-Scraper-7400/scrapers/allrecipes.js
2025-08-19 05:34:48,064 - Knowledge - INFO - worker kw8 pull /app/data/b2c/7400/b5568kg/Recipe-Scraper-7400/test/copykat.test.js from ingest queue
2025-08-19 05:34:48,065 - Knowledge - INFO - Thread kw8 - File copykat.test.js - Remaining files in queue: 100
2025-08-19 05:34:48,065 - Knowledge - INFO - start ingest for /app/data/b2c/7400/b5568kg/Recipe-Scraper-7400/test/copykat.test.js
2025-08-19 05:34:48,065 - Knowledge - INFO - adding /app/data/b2c/7400/b5568kg/Recipe-Scraper-7400/scrapers/index.js to ingest queue
2025-08-19 05:34:48,066 - Knowledge - INFO - Found code-base-name: https://github.com/kavia-common/Recipe-Scraper-7400.git:kavia-new-sources
2025-08-19 05:34:48,066 - Knowledge - INFO - Found code_base: <app.utils.kg_build.knowledge.KnowledgeCodeBase object at 0x7f2715ddf6d0>
2025-08-19 05:34:48,066 - Knowledge - INFO - persist ingested knowledge for /app/data/b2c/7400/b5568kg/Recipe-Scraper-7400/scrapers/eatingwell.js
2025-08-19 05:34:48,066 - Knowledge - INFO - adding /app/data/b2c/7400/b5568kg/Recipe-Scraper-7400/scrapers/food.js to ingest queue
2025-08-19 05:34:48,068 - Knowledge - INFO - Fast-track processing for simple file: /app/data/b2c/7400/b5568kg/Recipe-Scraper-7400/test/copykat.test.js
2025-08-19 05:34:48,068 - Knowledge - INFO - done fast ingest for /app/data/b2c/7400/b5568kg/Recipe-Scraper-7400/test/copykat.test.js
2025-08-19 05:34:48,080 - Knowledge - INFO - process ingested knowledge for /app/data/b2c/7400/b5568kg/Recipe-Scraper-7400/test/copykat.test.js
2025-08-19 05:34:48,136 - Knowledge - INFO - Found code-base-name: https://github.com/kavia-common/Recipe-Scraper-7400.git:kavia-new-sources
2025-08-19 05:34:48,136 - Knowledge - INFO - Found code_base: <app.utils.kg_build.knowledge.KnowledgeCodeBase object at 0x7f2715ddf6d0>
2025-08-19 05:34:48,136 - Knowledge - INFO - persist ingested knowledge for /app/data/b2c/7400/b5568kg/Recipe-Scraper-7400/test/averiecooks.test.js
2025-08-19 05:34:48,137 - Knowledge - INFO - adding /app/data/b2c/7400/b5568kg/Recipe-Scraper-7400/scrapers/woolworths.js to ingest queue
2025-08-19 05:34:48,137 - Knowledge - INFO - worker kw20 pull /app/data/b2c/7400/b5568kg/Recipe-Scraper-7400/test/omnivorescookbook.test.js from ingest queue
2025-08-19 05:34:48,137 - Knowledge - INFO - Thread kw20 - File omnivorescookbook.test.js - Remaining files in queue: 102
2025-08-19 05:34:48,137 - Knowledge - INFO - start ingest for /app/data/b2c/7400/b5568kg/Recipe-Scraper-7400/test/omnivorescookbook.test.js
2025-08-19 05:34:48,139 - Knowledge - INFO - Fast-track processing for simple file: /app/data/b2c/7400/b5568kg/Recipe-Scraper-7400/test/omnivorescookbook.test.js
2025-08-19 05:34:48,139 - Knowledge - INFO - done fast ingest for /app/data/b2c/7400/b5568kg/Recipe-Scraper-7400/test/omnivorescookbook.test.js
2025-08-19 05:34:48,150 - Knowledge - INFO - process ingested knowledge for /app/data/b2c/7400/b5568kg/Recipe-Scraper-7400/test/omnivorescookbook.test.js
2025-08-19 05:34:48,209 - Knowledge - INFO - worker kw2 pull /app/data/b2c/7400/b5568kg/Recipe-Scraper-7400/test/yummly.test.js from ingest queue
2025-08-19 05:34:48,209 - Knowledge - INFO - Thread kw2 - File yummly.test.js - Remaining files in queue: 101
2025-08-19 05:34:48,210 - Knowledge - INFO - start ingest for /app/data/b2c/7400/b5568kg/Recipe-Scraper-7400/test/yummly.test.js
2025-08-19 05:34:48,210 - Knowledge - INFO - worker kw10 pull /app/data/b2c/7400/b5568kg/Recipe-Scraper-7400/test/myrecipes.test.js from ingest queue
2025-08-19 05:34:48,211 - Knowledge - INFO - Thread kw10 - File myrecipes.test.js - Remaining files in queue: 100
2025-08-19 05:34:48,211 - Knowledge - INFO - start ingest for /app/data/b2c/7400/b5568kg/Recipe-Scraper-7400/test/myrecipes.test.js
2025-08-19 05:34:48,211 - Knowledge - INFO - Found code-base-name: https://github.com/kavia-common/Recipe-Scraper-7400.git:kavia-new-sources
2025-08-19 05:34:48,211 - Knowledge - INFO - Found code_base: <app.utils.kg_build.knowledge.KnowledgeCodeBase object at 0x7f2715ddf6d0>
2025-08-19 05:34:48,211 - Knowledge - INFO - persist ingested knowledge for /app/data/b2c/7400/b5568kg/Recipe-Scraper-7400/test/gimmesomeoven.test.js
2025-08-19 05:34:48,212 - Knowledge - INFO - Fast-track processing for simple file: /app/data/b2c/7400/b5568kg/Recipe-Scraper-7400/test/myrecipes.test.js
2025-08-19 05:34:48,212 - Knowledge - INFO - done fast ingest for /app/data/b2c/7400/b5568kg/Recipe-Scraper-7400/test/myrecipes.test.js
2025-08-19 05:34:48,213 - Knowledge - INFO - Fast-track processing for simple file: /app/data/b2c/7400/b5568kg/Recipe-Scraper-7400/test/yummly.test.js
2025-08-19 05:34:48,213 - Knowledge - INFO - done fast ingest for /app/data/b2c/7400/b5568kg/Recipe-Scraper-7400/test/yummly.test.js
2025-08-19 05:34:48,224 - Knowledge - INFO - process ingested knowledge for /app/data/b2c/7400/b5568kg/Recipe-Scraper-7400/test/myrecipes.test.js
2025-08-19 05:34:48,227 - Knowledge - INFO - process ingested knowledge for /app/data/b2c/7400/b5568kg/Recipe-Scraper-7400/test/yummly.test.js
2025-08-19 05:34:48,285 - Knowledge - INFO - adding /app/data/b2c/7400/b5568kg/Recipe-Scraper-7400/scrapers/101cookbooks.js to ingest queue
2025-08-19 05:34:48,286 - Knowledge - INFO - adding /app/data/b2c/7400/b5568kg/Recipe-Scraper-7400/scrapers/minimalistbaker.js to ingest queue
2025-08-19 05:34:48,286 - Knowledge - INFO - adding /app/data/b2c/7400/b5568kg/Recipe-Scraper-7400/scrapers/theblackpeppercorn.js to ingest queue
2025-08-19 05:34:48,342 - Knowledge - INFO - worker kw13 pull /app/data/b2c/7400/b5568kg/Recipe-Scraper-7400/test/damndelicious.test.js from ingest queue
2025-08-19 05:34:48,342 - Knowledge - INFO - Thread kw13 - File damndelicious.test.js - Remaining files in queue: 102
2025-08-19 05:34:48,342 - Knowledge - INFO - start ingest for /app/data/b2c/7400/b5568kg/Recipe-Scraper-7400/test/damndelicious.test.js
2025-08-19 05:34:48,344 - Knowledge - INFO - Fast-track processing for simple file: /app/data/b2c/7400/b5568kg/Recipe-Scraper-7400/test/damndelicious.test.js
2025-08-19 05:34:48,344 - Knowledge - INFO - done fast ingest for /app/data/b2c/7400/b5568kg/Recipe-Scraper-7400/test/damndelicious.test.js
2025-08-19 05:34:48,355 - Knowledge - INFO - process ingested knowledge for /app/data/b2c/7400/b5568kg/Recipe-Scraper-7400/test/damndelicious.test.js
2025-08-19 05:34:48,473 - Knowledge - INFO - worker kw11 pull /app/data/b2c/7400/b5568kg/Recipe-Scraper-7400/test/nomnompaleo.test.js from ingest queue
2025-08-19 05:34:48,473 - Knowledge - INFO - Thread kw11 - File nomnompaleo.test.js - Remaining files in queue: 101
2025-08-19 05:34:48,473 - Knowledge - INFO - start ingest for /app/data/b2c/7400/b5568kg/Recipe-Scraper-7400/test/nomnompaleo.test.js
2025-08-19 05:34:48,474 - Knowledge - INFO - worker kw15 pull /app/data/b2c/7400/b5568kg/Recipe-Scraper-7400/test/kitchenStories.test.js from ingest queue
2025-08-19 05:34:48,474 - Knowledge - INFO - Thread kw15 - File kitchenStories.test.js - Remaining files in queue: 100
2025-08-19 05:34:48,474 - Knowledge - INFO - start ingest for /app/data/b2c/7400/b5568kg/Recipe-Scraper-7400/test/kitchenStories.test.js
2025-08-19 05:34:48,475 - Knowledge - INFO - Fast-track processing for simple file: /app/data/b2c/7400/b5568kg/Recipe-Scraper-7400/test/nomnompaleo.test.js
2025-08-19 05:34:48,475 - Knowledge - INFO - done fast ingest for /app/data/b2c/7400/b5568kg/Recipe-Scraper-7400/test/nomnompaleo.test.js
2025-08-19 05:34:48,477 - Knowledge - INFO - Fast-track processing for simple file: /app/data/b2c/7400/b5568kg/Recipe-Scraper-7400/test/kitchenStories.test.js
2025-08-19 05:34:48,477 - Knowledge - INFO - done fast ingest for /app/data/b2c/7400/b5568kg/Recipe-Scraper-7400/test/kitchenStories.test.js
2025-08-19 05:34:48,507 - Knowledge - INFO - process ingested knowledge for /app/data/b2c/7400/b5568kg/Recipe-Scraper-7400/test/kitchenStories.test.js
2025-08-19 05:34:48,508 - Knowledge - INFO - process ingested knowledge for /app/data/b2c/7400/b5568kg/Recipe-Scraper-7400/test/nomnompaleo.test.js
2025-08-19 05:34:48,571 - Knowledge - INFO - adding /app/data/b2c/7400/b5568kg/Recipe-Scraper-7400/scrapers/recipetineats.js to ingest queue
2025-08-19 05:34:48,572 - Knowledge - INFO - worker kw25 pull /app/data/b2c/7400/b5568kg/Recipe-Scraper-7400/test/bbc.test.js from ingest queue
2025-08-19 05:34:48,572 - Knowledge - INFO - Thread kw25 - File bbc.test.js - Remaining files in queue: 100
2025-08-19 05:34:48,572 - Knowledge - INFO - start ingest for /app/data/b2c/7400/b5568kg/Recipe-Scraper-7400/test/bbc.test.js
2025-08-19 05:34:48,572 - Knowledge - INFO - Found code-base-name: https://github.com/kavia-common/Recipe-Scraper-7400.git:kavia-new-sources
2025-08-19 05:34:48,572 - Knowledge - INFO - Found code_base: <app.utils.kg_build.knowledge.KnowledgeCodeBase object at 0x7f2715ddf6d0>
2025-08-19 05:34:48,572 - Knowledge - INFO - persist ingested knowledge for /app/data/b2c/7400/b5568kg/Recipe-Scraper-7400/test/omnivorescookbook.test.js
2025-08-19 05:34:48,573 - Knowledge - INFO - Found code-base-name: https://github.com/kavia-common/Recipe-Scraper-7400.git:kavia-new-sources
2025-08-19 05:34:48,573 - Knowledge - INFO - Found code_base: <app.utils.kg_build.knowledge.KnowledgeCodeBase object at 0x7f2715ddf6d0>
2025-08-19 05:34:48,573 - Knowledge - INFO - persist ingested knowledge for /app/data/b2c/7400/b5568kg/Recipe-Scraper-7400/test/ambitiouskitchen.test.js
2025-08-19 05:34:48,573 - Knowledge - INFO - Found code-base-name: https://github.com/kavia-common/Recipe-Scraper-7400.git:kavia-new-sources
2025-08-19 05:34:48,573 - Knowledge - INFO - Found code_base: <app.utils.kg_build.knowledge.KnowledgeCodeBase object at 0x7f2715ddf6d0>
2025-08-19 05:34:48,573 - Knowledge - INFO - persist ingested knowledge for /app/data/b2c/7400/b5568kg/Recipe-Scraper-7400/test/simplyrecipes.test.js
2025-08-19 05:34:48,575 - Knowledge - INFO - Fast-track processing for simple file: /app/data/b2c/7400/b5568kg/Recipe-Scraper-7400/test/bbc.test.js
2025-08-19 05:34:48,575 - Knowledge - INFO - done fast ingest for /app/data/b2c/7400/b5568kg/Recipe-Scraper-7400/test/bbc.test.js
2025-08-19 05:34:48,585 - Knowledge - INFO - process ingested knowledge for /app/data/b2c/7400/b5568kg/Recipe-Scraper-7400/test/bbc.test.js
2025-08-19 05:34:48,665 - Knowledge - INFO - Found code-base-name: https://github.com/kavia-common/Recipe-Scraper-7400.git:kavia-new-sources
2025-08-19 05:34:48,666 - Knowledge - INFO - Found code_base: <app.utils.kg_build.knowledge.KnowledgeCodeBase object at 0x7f2715ddf6d0>
2025-08-19 05:34:48,666 - Knowledge - INFO - persist ingested knowledge for /app/data/b2c/7400/b5568kg/Recipe-Scraper-7400/test/myrecipes.test.js
2025-08-19 05:34:48,666 - Knowledge - INFO - Found code-base-name: https://github.com/kavia-common/Recipe-Scraper-7400.git:kavia-new-sources
2025-08-19 05:34:48,666 - Knowledge - INFO - Found code_base: <app.utils.kg_build.knowledge.KnowledgeCodeBase object at 0x7f2715ddf6d0>
2025-08-19 05:34:48,666 - Knowledge - INFO - persist ingested knowledge for /app/data/b2c/7400/b5568kg/Recipe-Scraper-7400/test/yummly.test.js
2025-08-19 05:34:48,666 - Knowledge - INFO - worker kw9 pull /app/data/b2c/7400/b5568kg/Recipe-Scraper-7400/test/thepioneerwoman.test.js from ingest queue
2025-08-19 05:34:48,666 - Knowledge - INFO - Thread kw9 - File thepioneerwoman.test.js - Remaining files in queue: 99
2025-08-19 05:34:48,667 - Knowledge - INFO - start ingest for /app/data/b2c/7400/b5568kg/Recipe-Scraper-7400/test/thepioneerwoman.test.js
2025-08-19 05:34:48,667 - Knowledge - INFO - worker kw1 pull /app/data/b2c/7400/b5568kg/Recipe-Scraper-7400/test/minimalistbaker.test.js from ingest queue
2025-08-19 05:34:48,667 - Knowledge - INFO - Thread kw1 - File minimalistbaker.test.js - Remaining files in queue: 98
2025-08-19 05:34:48,667 - Knowledge - INFO - start ingest for /app/data/b2c/7400/b5568kg/Recipe-Scraper-7400/test/minimalistbaker.test.js
2025-08-19 05:34:48,667 - Knowledge - INFO - worker kw23 pull /app/data/b2c/7400/b5568kg/Recipe-Scraper-7400/test/101cookbooks.test.js from ingest queue
2025-08-19 05:34:48,667 - Knowledge - INFO - Thread kw23 - File 101cookbooks.test.js - Remaining files in queue: 97
2025-08-19 05:34:48,668 - Knowledge - INFO - start ingest for /app/data/b2c/7400/b5568kg/Recipe-Scraper-7400/test/101cookbooks.test.js
2025-08-19 05:34:48,668 - Knowledge - INFO - worker kw17 pull /app/data/b2c/7400/b5568kg/Recipe-Scraper-7400/test/thespruceeats.test.js from ingest queue
2025-08-19 05:34:48,668 - Knowledge - INFO - Thread kw17 - File thespruceeats.test.js - Remaining files in queue: 96
2025-08-19 05:34:48,668 - Knowledge - INFO - adding /app/data/b2c/7400/b5568kg/Recipe-Scraper-7400/scrapers/whatsgabycooking.js to ingest queue
2025-08-19 05:34:48,668 - Knowledge - INFO - worker kw12 pull /app/data/b2c/7400/b5568kg/Recipe-Scraper-7400/test/epicurious.test.js from ingest queue
2025-08-19 05:34:48,669 - Knowledge - INFO - Thread kw12 - File epicurious.test.js - Remaining files in queue: 96
2025-08-19 05:34:48,669 - Knowledge - INFO - start ingest for /app/data/b2c/7400/b5568kg/Recipe-Scraper-7400/test/epicurious.test.js
2025-08-19 05:34:48,669 - Knowledge - INFO - Found code-base-name: https://github.com/kavia-common/Recipe-Scraper-7400.git:kavia-new-sources
2025-08-19 05:34:48,669 - Knowledge - INFO - Found code_base: <app.utils.kg_build.knowledge.KnowledgeCodeBase object at 0x7f2715ddf6d0>
2025-08-19 05:34:48,669 - Knowledge - INFO - persist ingested knowledge for /app/data/b2c/7400/b5568kg/Recipe-Scraper-7400/test/copykat.test.js
2025-08-19 05:34:48,670 - Knowledge - INFO - adding /app/data/b2c/7400/b5568kg/Recipe-Scraper-7400/scrapers/gimmedelicious.js to ingest queue
2025-08-19 05:34:48,671 - Knowledge - INFO - Found code-base-name: https://github.com/kavia-common/Recipe-Scraper-7400.git:kavia-new-sources
2025-08-19 05:34:48,672 - Knowledge - INFO - Found code_base: <app.utils.kg_build.knowledge.KnowledgeCodeBase object at 0x7f2715ddf6d0>
2025-08-19 05:34:48,672 - Knowledge - INFO - persist ingested knowledge for /app/data/b2c/7400/b5568kg/Recipe-Scraper-7400/test/kitchenStories.test.js
2025-08-19 05:34:48,673 - Knowledge - INFO - start ingest for /app/data/b2c/7400/b5568kg/Recipe-Scraper-7400/test/thespruceeats.test.js
2025-08-19 05:34:48,673 - Knowledge - INFO - Fast-track processing for simple file: /app/data/b2c/7400/b5568kg/Recipe-Scraper-7400/test/thepioneerwoman.test.js
2025-08-19 05:34:48,673 - Knowledge - INFO - done fast ingest for /app/data/b2c/7400/b5568kg/Recipe-Scraper-7400/test/thepioneerwoman.test.js
2025-08-19 05:34:48,673 - Knowledge - INFO - Fast-track processing for simple file: /app/data/b2c/7400/b5568kg/Recipe-Scraper-7400/test/minimalistbaker.test.js
2025-08-19 05:34:48,673 - Knowledge - INFO - done fast ingest for /app/data/b2c/7400/b5568kg/Recipe-Scraper-7400/test/minimalistbaker.test.js
2025-08-19 05:34:48,674 - Knowledge - INFO - Found code-base-name: https://github.com/kavia-common/Recipe-Scraper-7400.git:kavia-new-sources
2025-08-19 05:34:48,674 - Knowledge - INFO - Found code_base: <app.utils.kg_build.knowledge.KnowledgeCodeBase object at 0x7f2715ddf6d0>
2025-08-19 05:34:48,674 - Knowledge - INFO - persist ingested knowledge for /app/data/b2c/7400/b5568kg/Recipe-Scraper-7400/test/nomnompaleo.test.js
2025-08-19 05:34:48,675 - Knowledge - INFO - Fast-track processing for simple file: /app/data/b2c/7400/b5568kg/Recipe-Scraper-7400/test/101cookbooks.test.js
2025-08-19 05:34:48,675 - Knowledge - INFO - done fast ingest for /app/data/b2c/7400/b5568kg/Recipe-Scraper-7400/test/101cookbooks.test.js
2025-08-19 05:34:48,676 - Knowledge - INFO - worker kw5 pull /app/data/b2c/7400/b5568kg/Recipe-Scraper-7400/test/eatingwell.test.js from ingest queue
2025-08-19 05:34:48,677 - Knowledge - INFO - Thread kw5 - File eatingwell.test.js - Remaining files in queue: 96
2025-08-19 05:34:48,677 - Knowledge - INFO - start ingest for /app/data/b2c/7400/b5568kg/Recipe-Scraper-7400/test/eatingwell.test.js
2025-08-19 05:34:48,677 - Knowledge - INFO - Fast-track processing for simple file: /app/data/b2c/7400/b5568kg/Recipe-Scraper-7400/test/epicurious.test.js
2025-08-19 05:34:48,677 - Knowledge - INFO - done fast ingest for /app/data/b2c/7400/b5568kg/Recipe-Scraper-7400/test/epicurious.test.js
2025-08-19 05:34:48,677 - Knowledge - INFO - Fast-track processing for simple file: /app/data/b2c/7400/b5568kg/Recipe-Scraper-7400/test/thespruceeats.test.js
2025-08-19 05:34:48,677 - Knowledge - INFO - done fast ingest for /app/data/b2c/7400/b5568kg/Recipe-Scraper-7400/test/thespruceeats.test.js
2025-08-19 05:34:48,678 - Knowledge - INFO - worker kw7 pull /app/data/b2c/7400/b5568kg/Recipe-Scraper-7400/test/constants/woolworthsConstants.js from ingest queue
2025-08-19 05:34:48,678 - Knowledge - INFO - Thread kw7 - File woolworthsConstants.js - Remaining files in queue: 95
2025-08-19 05:34:48,679 - Knowledge - INFO - start ingest for /app/data/b2c/7400/b5568kg/Recipe-Scraper-7400/test/constants/woolworthsConstants.js
2025-08-19 05:34:48,710 - Knowledge - INFO - process ingested knowledge for /app/data/b2c/7400/b5568kg/Recipe-Scraper-7400/test/thespruceeats.test.js
2025-08-19 05:34:48,717 - Knowledge - INFO - process ingested knowledge for /app/data/b2c/7400/b5568kg/Recipe-Scraper-7400/test/minimalistbaker.test.js
2025-08-19 05:34:48,720 - Knowledge - INFO - process ingested knowledge for /app/data/b2c/7400/b5568kg/Recipe-Scraper-7400/test/thepioneerwoman.test.js
2025-08-19 05:34:48,723 - Knowledge - INFO - process ingested knowledge for /app/data/b2c/7400/b5568kg/Recipe-Scraper-7400/test/101cookbooks.test.js
2025-08-19 05:34:48,723 - Knowledge - INFO - process ingested knowledge for /app/data/b2c/7400/b5568kg/Recipe-Scraper-7400/test/epicurious.test.js
2025-08-19 05:34:48,954 - Knowledge - INFO - worker kw19 pull /app/data/b2c/7400/b5568kg/Recipe-Scraper-7400/test/constants/epicuriousConstants.js from ingest queue
2025-08-19 05:34:48,954 - Knowledge - INFO - Thread kw19 - File epicuriousConstants.js - Remaining files in queue: 94
2025-08-19 05:34:48,959 - Knowledge - INFO - start ingest for /app/data/b2c/7400/b5568kg/Recipe-Scraper-7400/test/constants/epicuriousConstants.js
2025-08-19 05:34:49,109 - Knowledge - INFO - worker kw14 pull /app/data/b2c/7400/b5568kg/Recipe-Scraper-7400/test/constants/foodConstants.js from ingest queue
2025-08-19 05:34:49,109 - Knowledge - INFO - Thread kw14 - File foodConstants.js - Remaining files in queue: 93
2025-08-19 05:34:49,109 - Knowledge - INFO - start ingest for /app/data/b2c/7400/b5568kg/Recipe-Scraper-7400/test/constants/foodConstants.js
2025-08-19 05:34:49,110 - Knowledge - INFO - adding /app/data/b2c/7400/b5568kg/Recipe-Scraper-7400/scrapers/eatingwell.js to ingest queue
2025-08-19 05:34:49,332 - Knowledge - INFO - worker kw22 pull /app/data/b2c/7400/b5568kg/Recipe-Scraper-7400/test/bbcgoodfood.test.js from ingest queue
2025-08-19 05:34:49,332 - Knowledge - INFO - Thread kw22 - File bbcgoodfood.test.js - Remaining files in queue: 93
2025-08-19 05:34:49,332 - Knowledge - INFO - start ingest for /app/data/b2c/7400/b5568kg/Recipe-Scraper-7400/test/bbcgoodfood.test.js
2025-08-19 05:34:49,357 - Knowledge - INFO - Fast-track processing for simple file: /app/data/b2c/7400/b5568kg/Recipe-Scraper-7400/test/bbcgoodfood.test.js
2025-08-19 05:34:49,357 - Knowledge - INFO - done fast ingest for /app/data/b2c/7400/b5568kg/Recipe-Scraper-7400/test/bbcgoodfood.test.js
2025-08-19 05:34:49,495 - Knowledge - INFO - process ingested knowledge for /app/data/b2c/7400/b5568kg/Recipe-Scraper-7400/test/bbcgoodfood.test.js
2025-08-19 05:34:49,598 - Knowledge - INFO - adding /app/data/b2c/7400/b5568kg/Recipe-Scraper-7400/scrapers/closetcooking.js to ingest queue
2025-08-19 05:34:49,601 - Knowledge - INFO - Found code-base-name: https://github.com/kavia-common/Recipe-Scraper-7400.git:kavia-new-sources
2025-08-19 05:34:49,602 - Knowledge - INFO - Found code_base: <app.utils.kg_build.knowledge.KnowledgeCodeBase object at 0x7f2715ddf6d0>
2025-08-19 05:34:49,602 - Knowledge - INFO - persist ingested knowledge for /app/data/b2c/7400/b5568kg/Recipe-Scraper-7400/test/thespruceeats.test.js
2025-08-19 05:34:49,602 - Knowledge - INFO - Found code-base-name: https://github.com/kavia-common/Recipe-Scraper-7400.git:kavia-new-sources
2025-08-19 05:34:49,602 - Knowledge - INFO - Found code_base: <app.utils.kg_build.knowledge.KnowledgeCodeBase object at 0x7f2715ddf6d0>
2025-08-19 05:34:49,603 - Knowledge - INFO - persist ingested knowledge for /app/data/b2c/7400/b5568kg/Recipe-Scraper-7400/test/minimalistbaker.test.js
2025-08-19 05:34:49,605 - Knowledge - INFO - Found code-base-name: https://github.com/kavia-common/Recipe-Scraper-7400.git:kavia-new-sources
2025-08-19 05:34:49,605 - Knowledge - INFO - Found code_base: <app.utils.kg_build.knowledge.KnowledgeCodeBase object at 0x7f2715ddf6d0>
2025-08-19 05:34:49,605 - Knowledge - INFO - persist ingested knowledge for /app/data/b2c/7400/b5568kg/Recipe-Scraper-7400/test/thepioneerwoman.test.js
2025-08-19 05:34:49,608 - Knowledge - INFO - Found code-base-name: https://github.com/kavia-common/Recipe-Scraper-7400.git:kavia-new-sources
2025-08-19 05:34:49,608 - Knowledge - INFO - Found code_base: <app.utils.kg_build.knowledge.KnowledgeCodeBase object at 0x7f2715ddf6d0>
2025-08-19 05:34:49,608 - Knowledge - INFO - persist ingested knowledge for /app/data/b2c/7400/b5568kg/Recipe-Scraper-7400/test/101cookbooks.test.js
2025-08-19 05:34:49,610 - Knowledge - INFO - Found code-base-name: https://github.com/kavia-common/Recipe-Scraper-7400.git:kavia-new-sources
2025-08-19 05:34:49,610 - Knowledge - INFO - Found code_base: <app.utils.kg_build.knowledge.KnowledgeCodeBase object at 0x7f2715ddf6d0>
2025-08-19 05:34:49,610 - Knowledge - INFO - persist ingested knowledge for /app/data/b2c/7400/b5568kg/Recipe-Scraper-7400/test/epicurious.test.js
2025-08-19 05:34:49,612 - Knowledge - INFO - worker kw3 pull /app/data/b2c/7400/b5568kg/Recipe-Scraper-7400/test/constants/bbcgoodfoodConstants.js from ingest queue
2025-08-19 05:34:49,612 - Knowledge - INFO - Thread kw3 - File bbcgoodfoodConstants.js - Remaining files in queue: 93
2025-08-19 05:34:49,612 - Knowledge - INFO - start ingest for /app/data/b2c/7400/b5568kg/Recipe-Scraper-7400/test/constants/bbcgoodfoodConstants.js
2025-08-19 05:34:49,614 - Knowledge - INFO - Found code-base-name: https://github.com/kavia-common/Recipe-Scraper-7400.git:kavia-new-sources
2025-08-19 05:34:49,614 - Knowledge - INFO - Found code_base: <app.utils.kg_build.knowledge.KnowledgeCodeBase object at 0x7f2715ddf6d0>
2025-08-19 05:34:49,614 - Knowledge - INFO - persist ingested knowledge for /app/data/b2c/7400/b5568kg/Recipe-Scraper-7400/test/bbc.test.js
2025-08-19 05:34:49,616 - Knowledge - INFO - worker kw24 pull /app/data/b2c/7400/b5568kg/Recipe-Scraper-7400/test/constants/minimalistbakerConstants.js from ingest queue
2025-08-19 05:34:49,616 - Knowledge - INFO - Thread kw24 - File minimalistbakerConstants.js - Remaining files in queue: 92
2025-08-19 05:34:49,616 - Knowledge - INFO - start ingest for /app/data/b2c/7400/b5568kg/Recipe-Scraper-7400/test/constants/minimalistbakerConstants.js
2025-08-19 05:34:49,619 - Knowledge - INFO - worker kw10 pull /app/data/b2c/7400/b5568kg/Recipe-Scraper-7400/test/woolworths.test.js from ingest queue
2025-08-19 05:34:49,619 - Knowledge - INFO - Thread kw10 - File woolworths.test.js - Remaining files in queue: 91
2025-08-19 05:34:49,619 - Knowledge - INFO - start ingest for /app/data/b2c/7400/b5568kg/Recipe-Scraper-7400/test/woolworths.test.js
2025-08-19 05:34:49,622 - Knowledge - INFO - Found code-base-name: https://github.com/kavia-common/Recipe-Scraper-7400.git:kavia-new-sources
2025-08-19 05:34:49,622 - Knowledge - INFO - Found code_base: <app.utils.kg_build.knowledge.KnowledgeCodeBase object at 0x7f2715ddf6d0>
2025-08-19 05:34:49,622 - Knowledge - INFO - persist ingested knowledge for /app/data/b2c/7400/b5568kg/Recipe-Scraper-7400/test/damndelicious.test.js
2025-08-19 05:34:49,623 - Knowledge - INFO - adding /app/data/b2c/7400/b5568kg/Recipe-Scraper-7400/scrapers/allrecipes.js to ingest queue
2025-08-19 05:34:49,624 - Knowledge - INFO - worker kw6 pull /app/data/b2c/7400/b5568kg/Recipe-Scraper-7400/test/constants/recipetineatsConstants.js from ingest queue
2025-08-19 05:34:49,625 - Knowledge - INFO - Thread kw6 - File recipetineatsConstants.js - Remaining files in queue: 91
2025-08-19 05:34:49,625 - Knowledge - INFO - start ingest for /app/data/b2c/7400/b5568kg/Recipe-Scraper-7400/test/constants/recipetineatsConstants.js
2025-08-19 05:34:49,628 - Knowledge - INFO - worker kw8 pull /app/data/b2c/7400/b5568kg/Recipe-Scraper-7400/test/food.test.js from ingest queue
2025-08-19 05:34:49,628 - Knowledge - INFO - Thread kw8 - File food.test.js - Remaining files in queue: 90
2025-08-19 05:34:49,629 - Knowledge - INFO - start ingest for /app/data/b2c/7400/b5568kg/Recipe-Scraper-7400/test/food.test.js
2025-08-19 05:34:49,629 - Knowledge - INFO - worker kw15 pull /app/data/b2c/7400/b5568kg/Recipe-Scraper-7400/test/constants/101cookbooksConstants.js from ingest queue
2025-08-19 05:34:49,629 - Knowledge - INFO - Thread kw15 - File 101cookbooksConstants.js - Remaining files in queue: 89
2025-08-19 05:34:49,630 - Knowledge - INFO - start ingest for /app/data/b2c/7400/b5568kg/Recipe-Scraper-7400/test/constants/101cookbooksConstants.js
2025-08-19 05:34:49,644 - Knowledge - INFO - Fast-track processing for simple file: /app/data/b2c/7400/b5568kg/Recipe-Scraper-7400/test/woolworths.test.js
2025-08-19 05:34:49,644 - Knowledge - INFO - done fast ingest for /app/data/b2c/7400/b5568kg/Recipe-Scraper-7400/test/woolworths.test.js
2025-08-19 05:34:49,644 - Knowledge - INFO - Fast-track processing for simple file: /app/data/b2c/7400/b5568kg/Recipe-Scraper-7400/test/food.test.js
2025-08-19 05:34:49,644 - Knowledge - INFO - done fast ingest for /app/data/b2c/7400/b5568kg/Recipe-Scraper-7400/test/food.test.js
2025-08-19 05:34:49,710 - Knowledge - INFO - process ingested knowledge for /app/data/b2c/7400/b5568kg/Recipe-Scraper-7400/test/food.test.js
2025-08-19 05:34:49,719 - Knowledge - INFO - process ingested knowledge for /app/data/b2c/7400/b5568kg/Recipe-Scraper-7400/test/woolworths.test.js
2025-08-19 05:34:50,361 - Knowledge - INFO - worker kw1 pull /app/data/b2c/7400/b5568kg/Recipe-Scraper-7400/test/constants/therealdealfoodrdsConstants.js from ingest queue
2025-08-19 05:34:50,361 - Knowledge - INFO - Thread kw1 - File therealdealfoodrdsConstants.js - Remaining files in queue: 88
2025-08-19 05:34:50,362 - Knowledge - INFO - start ingest for /app/data/b2c/7400/b5568kg/Recipe-Scraper-7400/test/constants/therealdealfoodrdsConstants.js
2025-08-19 05:34:50,905 - Knowledge - INFO - done ingest for /app/data/b2c/7400/b5568kg/Recipe-Scraper-7400/test/eatingwell.test.js
2025-08-19 05:34:50,947 - Knowledge - INFO - adding /app/data/b2c/7400/b5568kg/Recipe-Scraper-7400/scrapers/thespruceeats.js to ingest queue
2025-08-19 05:34:50,995 - Knowledge - INFO - process ingested knowledge for /app/data/b2c/7400/b5568kg/Recipe-Scraper-7400/test/eatingwell.test.js
2025-08-19 05:34:51,302 - Knowledge - INFO - worker kw13 pull /app/data/b2c/7400/b5568kg/Recipe-Scraper-7400/test/constants/simplyrecipesConstants.js from ingest queue
2025-08-19 05:34:51,302 - Knowledge - INFO - Thread kw13 - File simplyrecipesConstants.js - Remaining files in queue: 88
2025-08-19 05:34:51,305 - Knowledge - INFO - worker kw16 pull /app/data/b2c/7400/b5568kg/Recipe-Scraper-7400/test/constants/thespruceeatsConstants.js from ingest queue
2025-08-19 05:34:51,306 - Knowledge - INFO - Thread kw16 - File thespruceeatsConstants.js - Remaining files in queue: 87
2025-08-19 05:34:51,306 - Knowledge - INFO - start ingest for /app/data/b2c/7400/b5568kg/Recipe-Scraper-7400/test/constants/thespruceeatsConstants.js
2025-08-19 05:34:51,308 - Knowledge - INFO - start ingest for /app/data/b2c/7400/b5568kg/Recipe-Scraper-7400/test/constants/simplyrecipesConstants.js
2025-08-19 05:34:51,308 - Knowledge - INFO - Found code-base-name: https://github.com/kavia-common/Recipe-Scraper-7400.git:kavia-new-sources
2025-08-19 05:34:51,309 - Knowledge - INFO - Found code_base: <app.utils.kg_build.knowledge.KnowledgeCodeBase object at 0x7f2715ddf6d0>
2025-08-19 05:34:51,309 - Knowledge - INFO - persist ingested knowledge for /app/data/b2c/7400/b5568kg/Recipe-Scraper-7400/test/food.test.js
2025-08-19 05:34:51,318 - Knowledge - INFO - worker kw20 pull /app/data/b2c/7400/b5568kg/Recipe-Scraper-7400/test/constants/allRecipesConstants.js from ingest queue
2025-08-19 05:34:51,318 - Knowledge - INFO - Thread kw20 - File allRecipesConstants.js - Remaining files in queue: 86
2025-08-19 05:34:51,319 - Knowledge - INFO - start ingest for /app/data/b2c/7400/b5568kg/Recipe-Scraper-7400/test/constants/allRecipesConstants.js
2025-08-19 05:34:51,322 - Knowledge - INFO - worker kw17 pull /app/data/b2c/7400/b5568kg/Recipe-Scraper-7400/test/constants/budgetbytesConstants.js from ingest queue
2025-08-19 05:34:51,322 - Knowledge - INFO - Thread kw17 - File budgetbytesConstants.js - Remaining files in queue: 85
2025-08-19 05:34:51,322 - Knowledge - INFO - start ingest for /app/data/b2c/7400/b5568kg/Recipe-Scraper-7400/test/constants/budgetbytesConstants.js
2025-08-19 05:34:51,630 - Knowledge - INFO - worker kw23 pull /app/data/b2c/7400/b5568kg/Recipe-Scraper-7400/test/constants/bonappetitConstants.js from ingest queue
2025-08-19 05:34:51,630 - Knowledge - INFO - Thread kw23 - File bonappetitConstants.js - Remaining files in queue: 84
2025-08-19 05:34:51,630 - Knowledge - INFO - start ingest for /app/data/b2c/7400/b5568kg/Recipe-Scraper-7400/test/constants/bonappetitConstants.js
2025-08-19 05:34:51,634 - Knowledge - INFO - worker kw25 pull /app/data/b2c/7400/b5568kg/Recipe-Scraper-7400/test/constants/foodandwineConstants.js from ingest queue
2025-08-19 05:34:51,634 - Knowledge - INFO - Thread kw25 - File foodandwineConstants.js - Remaining files in queue: 83
2025-08-19 05:34:51,635 - Knowledge - INFO - start ingest for /app/data/b2c/7400/b5568kg/Recipe-Scraper-7400/test/constants/foodandwineConstants.js
2025-08-19 05:34:51,641 - Knowledge - INFO - worker kw2 pull /app/data/b2c/7400/b5568kg/Recipe-Scraper-7400/test/constants/cookieandkateConstants.js from ingest queue
2025-08-19 05:34:51,641 - Knowledge - INFO - Thread kw2 - File cookieandkateConstants.js - Remaining files in queue: 82
2025-08-19 05:34:51,641 - Knowledge - INFO - start ingest for /app/data/b2c/7400/b5568kg/Recipe-Scraper-7400/test/constants/cookieandkateConstants.js
2025-08-19 05:34:51,650 - Knowledge - INFO - worker kw21 pull /app/data/b2c/7400/b5568kg/Recipe-Scraper-7400/test/constants/foodnetworkConstants.js from ingest queue
2025-08-19 05:34:51,650 - Knowledge - INFO - Thread kw21 - File foodnetworkConstants.js - Remaining files in queue: 81
2025-08-19 05:34:51,650 - Knowledge - INFO - start ingest for /app/data/b2c/7400/b5568kg/Recipe-Scraper-7400/test/constants/foodnetworkConstants.js
2025-08-19 05:34:52,058 - Knowledge - INFO - Found code-base-name: https://github.com/kavia-common/Recipe-Scraper-7400.git:kavia-new-sources
2025-08-19 05:34:52,058 - Knowledge - INFO - Found code_base: <app.utils.kg_build.knowledge.KnowledgeCodeBase object at 0x7f2715ddf6d0>
2025-08-19 05:34:52,058 - Knowledge - INFO - persist ingested knowledge for /app/data/b2c/7400/b5568kg/Recipe-Scraper-7400/test/bbcgoodfood.test.js
2025-08-19 05:34:52,816 - Knowledge - INFO - worker kw12 pull /app/data/b2c/7400/b5568kg/Recipe-Scraper-7400/test/constants/whatsgabycookingConstants.js from ingest queue
2025-08-19 05:34:52,816 - Knowledge - INFO - Thread kw12 - File whatsgabycookingConstants.js - Remaining files in queue: 80
2025-08-19 05:34:52,816 - Knowledge - INFO - start ingest for /app/data/b2c/7400/b5568kg/Recipe-Scraper-7400/test/constants/whatsgabycookingConstants.js
2025-08-19 05:34:52,817 - Knowledge - INFO - worker kw11 pull /app/data/b2c/7400/b5568kg/Recipe-Scraper-7400/test/constants/centraltexasfoodbankConstants.js from ingest queue
2025-08-19 05:34:52,818 - Knowledge - INFO - Thread kw11 - File centraltexasfoodbankConstants.js - Remaining files in queue: 79
2025-08-19 05:34:52,818 - Knowledge - INFO - start ingest for /app/data/b2c/7400/b5568kg/Recipe-Scraper-7400/test/constants/centraltexasfoodbankConstants.js
2025-08-19 05:34:52,819 - Knowledge - INFO - worker kw22 pull /app/data/b2c/7400/b5568kg/Recipe-Scraper-7400/test/constants/myrecipesConstants.js from ingest queue
2025-08-19 05:34:52,819 - Knowledge - INFO - Thread kw22 - File myrecipesConstants.js - Remaining files in queue: 78
2025-08-19 05:34:52,820 - Knowledge - INFO - start ingest for /app/data/b2c/7400/b5568kg/Recipe-Scraper-7400/test/constants/myrecipesConstants.js
2025-08-19 05:34:52,822 - Knowledge - INFO - worker kw8 pull /app/data/b2c/7400/b5568kg/Recipe-Scraper-7400/test/constants/thepioneerwomanConstants.js from ingest queue
2025-08-19 05:34:52,822 - Knowledge - INFO - Thread kw8 - File thepioneerwomanConstants.js - Remaining files in queue: 77
2025-08-19 05:34:52,822 - Knowledge - INFO - start ingest for /app/data/b2c/7400/b5568kg/Recipe-Scraper-7400/test/constants/thepioneerwomanConstants.js
2025-08-19 05:34:52,830 - Knowledge - INFO - Found code-base-name: https://github.com/kavia-common/Recipe-Scraper-7400.git:kavia-new-sources
2025-08-19 05:34:52,830 - Knowledge - INFO - Found code_base: <app.utils.kg_build.knowledge.KnowledgeCodeBase object at 0x7f2715ddf6d0>
2025-08-19 05:34:52,830 - Knowledge - INFO - persist ingested knowledge for /app/data/b2c/7400/b5568kg/Recipe-Scraper-7400/test/eatingwell.test.js
2025-08-19 05:34:52,834 - Knowledge - INFO - Found code-base-name: https://github.com/kavia-common/Recipe-Scraper-7400.git:kavia-new-sources
2025-08-19 05:34:52,834 - Knowledge - INFO - Found code_base: <app.utils.kg_build.knowledge.KnowledgeCodeBase object at 0x7f2715ddf6d0>
2025-08-19 05:34:52,834 - Knowledge - INFO - persist ingested knowledge for /app/data/b2c/7400/b5568kg/Recipe-Scraper-7400/test/woolworths.test.js
2025-08-19 05:34:52,835 - Knowledge - INFO - worker kw18 pull /app/data/b2c/7400/b5568kg/Recipe-Scraper-7400/test/constants/nomnompaleoConstants.js from ingest queue
2025-08-19 05:34:52,835 - Knowledge - INFO - Thread kw18 - File nomnompaleoConstants.js - Remaining files in queue: 76
2025-08-19 05:34:52,836 - Knowledge - INFO - start ingest for /app/data/b2c/7400/b5568kg/Recipe-Scraper-7400/test/constants/nomnompaleoConstants.js
2025-08-19 05:34:52,836 - Knowledge - INFO - worker kw9 pull /app/data/b2c/7400/b5568kg/Recipe-Scraper-7400/test/constants/smittenkitchenConstants.js from ingest queue
2025-08-19 05:34:52,837 - Knowledge - INFO - Thread kw9 - File smittenkitchenConstants.js - Remaining files in queue: 75
2025-08-19 05:34:52,837 - Knowledge - INFO - start ingest for /app/data/b2c/7400/b5568kg/Recipe-Scraper-7400/test/constants/smittenkitchenConstants.js
2025-08-19 05:34:53,349 - Knowledge - INFO - worker kw10 pull /app/data/b2c/7400/b5568kg/Recipe-Scraper-7400/test/constants/gimmesomeovenConstants.js from ingest queue
2025-08-19 05:34:53,349 - Knowledge - INFO - Thread kw10 - File gimmesomeovenConstants.js - Remaining files in queue: 74
2025-08-19 05:34:53,349 - Knowledge - INFO - start ingest for /app/data/b2c/7400/b5568kg/Recipe-Scraper-7400/test/constants/gimmesomeovenConstants.js
2025-08-19 05:34:53,350 - Knowledge - INFO - worker kw5 pull /app/data/b2c/7400/b5568kg/Recipe-Scraper-7400/test/constants/closetcookingConstants.js from ingest queue
2025-08-19 05:34:53,350 - Knowledge - INFO - Thread kw5 - File closetcookingConstants.js - Remaining files in queue: 73
2025-08-19 05:34:53,350 - Knowledge - INFO - start ingest for /app/data/b2c/7400/b5568kg/Recipe-Scraper-7400/test/constants/closetcookingConstants.js
2025-08-19 05:34:56,205 - Knowledge - INFO - done ingest for /app/data/b2c/7400/b5568kg/Recipe-Scraper-7400/test/constants/woolworthsConstants.js
2025-08-19 05:34:56,259 - Knowledge - INFO - process ingested knowledge for /app/data/b2c/7400/b5568kg/Recipe-Scraper-7400/test/constants/woolworthsConstants.js
2025-08-19 05:34:56,259 - Knowledge - INFO - Found code-base-name: https://github.com/kavia-common/Recipe-Scraper-7400.git:kavia-new-sources
2025-08-19 05:34:56,259 - Knowledge - INFO - Found code_base: <app.utils.kg_build.knowledge.KnowledgeCodeBase object at 0x7f2715ddf6d0>
2025-08-19 05:34:56,260 - Knowledge - INFO - persist ingested knowledge for /app/data/b2c/7400/b5568kg/Recipe-Scraper-7400/test/constants/woolworthsConstants.js
2025-08-19 05:34:57,317 - Knowledge - INFO - persist search terms embedding for test/constants/woolworthsConstants.js
2025-08-19 05:34:57,317 - Knowledge - INFO - worker kw7 pull /app/data/b2c/7400/b5568kg/Recipe-Scraper-7400/test/constants/pinchofyumConstants.js from ingest queue
2025-08-19 05:34:57,317 - Knowledge - INFO - Thread kw7 - File pinchofyumConstants.js - Remaining files in queue: 72
2025-08-19 05:34:57,317 - Knowledge - INFO - start ingest for /app/data/b2c/7400/b5568kg/Recipe-Scraper-7400/test/constants/pinchofyumConstants.js
2025-08-19 05:34:59,606 - Knowledge - INFO - done ingest for /app/data/b2c/7400/b5568kg/Recipe-Scraper-7400/test/constants/foodConstants.js
2025-08-19 05:34:59,651 - Knowledge - INFO - process ingested knowledge for /app/data/b2c/7400/b5568kg/Recipe-Scraper-7400/test/constants/foodConstants.js
2025-08-19 05:34:59,651 - Knowledge - INFO - Found code-base-name: https://github.com/kavia-common/Recipe-Scraper-7400.git:kavia-new-sources
2025-08-19 05:34:59,651 - Knowledge - INFO - Found code_base: <app.utils.kg_build.knowledge.KnowledgeCodeBase object at 0x7f2715ddf6d0>
2025-08-19 05:34:59,651 - Knowledge - INFO - persist ingested knowledge for /app/data/b2c/7400/b5568kg/Recipe-Scraper-7400/test/constants/foodConstants.js
2025-08-19 05:35:00,261 - Knowledge - INFO - persist search terms embedding for test/constants/foodConstants.js
2025-08-19 05:35:00,292 - Knowledge - INFO - worker kw14 pull /app/data/b2c/7400/b5568kg/Recipe-Scraper-7400/test/constants/yummlyConstants.js from ingest queue
2025-08-19 05:35:00,292 - Knowledge - INFO - Thread kw14 - File yummlyConstants.js - Remaining files in queue: 71
2025-08-19 05:35:00,292 - Knowledge - INFO - start ingest for /app/data/b2c/7400/b5568kg/Recipe-Scraper-7400/test/constants/yummlyConstants.js
2025-08-19 05:35:00,653 - Knowledge - INFO - done ingest for /app/data/b2c/7400/b5568kg/Recipe-Scraper-7400/test/constants/epicuriousConstants.js
2025-08-19 05:35:00,727 - Knowledge - INFO - process ingested knowledge for /app/data/b2c/7400/b5568kg/Recipe-Scraper-7400/test/constants/epicuriousConstants.js
2025-08-19 05:35:00,727 - Knowledge - INFO - Found code-base-name: https://github.com/kavia-common/Recipe-Scraper-7400.git:kavia-new-sources
2025-08-19 05:35:00,728 - Knowledge - INFO - Found code_base: <app.utils.kg_build.knowledge.KnowledgeCodeBase object at 0x7f2715ddf6d0>
2025-08-19 05:35:00,728 - Knowledge - INFO - persist ingested knowledge for /app/data/b2c/7400/b5568kg/Recipe-Scraper-7400/test/constants/epicuriousConstants.js
2025-08-19 05:35:01,352 - Knowledge - INFO - persist search terms embedding for test/constants/epicuriousConstants.js
2025-08-19 05:35:01,354 - Knowledge - INFO - worker kw19 pull /app/data/b2c/7400/b5568kg/Recipe-Scraper-7400/test/constants/damndeliciousConstants.js from ingest queue
2025-08-19 05:35:01,354 - Knowledge - INFO - Thread kw19 - File damndeliciousConstants.js - Remaining files in queue: 70
2025-08-19 05:35:01,355 - Knowledge - INFO - start ingest for /app/data/b2c/7400/b5568kg/Recipe-Scraper-7400/test/constants/damndeliciousConstants.js
2025-08-19 05:35:02,002 - Knowledge - INFO - done ingest for /app/data/b2c/7400/b5568kg/Recipe-Scraper-7400/test/constants/101cookbooksConstants.js
2025-08-19 05:35:02,056 - Knowledge - INFO - process ingested knowledge for /app/data/b2c/7400/b5568kg/Recipe-Scraper-7400/test/constants/101cookbooksConstants.js
2025-08-19 05:35:02,057 - Knowledge - INFO - Found code-base-name: https://github.com/kavia-common/Recipe-Scraper-7400.git:kavia-new-sources
2025-08-19 05:35:02,057 - Knowledge - INFO - Found code_base: <app.utils.kg_build.knowledge.KnowledgeCodeBase object at 0x7f2715ddf6d0>
2025-08-19 05:35:02,057 - Knowledge - INFO - persist ingested knowledge for /app/data/b2c/7400/b5568kg/Recipe-Scraper-7400/test/constants/101cookbooksConstants.js
2025-08-19 05:35:02,208 - Knowledge - INFO - done ingest for /app/data/b2c/7400/b5568kg/Recipe-Scraper-7400/test/constants/recipetineatsConstants.js
2025-08-19 05:35:02,303 - Knowledge - INFO - process ingested knowledge for /app/data/b2c/7400/b5568kg/Recipe-Scraper-7400/test/constants/recipetineatsConstants.js
2025-08-19 05:35:02,842 - Knowledge - INFO - done ingest for /app/data/b2c/7400/b5568kg/Recipe-Scraper-7400/test/constants/bbcgoodfoodConstants.js
2025-08-19 05:35:02,894 - Knowledge - INFO - process ingested knowledge for /app/data/b2c/7400/b5568kg/Recipe-Scraper-7400/test/constants/bbcgoodfoodConstants.js
2025-08-19 05:35:02,909 - Knowledge - INFO - persist search terms embedding for test/constants/101cookbooksConstants.js
2025-08-19 05:35:02,913 - Knowledge - INFO - Found code-base-name: https://github.com/kavia-common/Recipe-Scraper-7400.git:kavia-new-sources
2025-08-19 05:35:02,913 - Knowledge - INFO - Found code_base: <app.utils.kg_build.knowledge.KnowledgeCodeBase object at 0x7f2715ddf6d0>
2025-08-19 05:35:02,913 - Knowledge - INFO - persist ingested knowledge for /app/data/b2c/7400/b5568kg/Recipe-Scraper-7400/test/constants/recipetineatsConstants.js
2025-08-19 05:35:02,917 - Knowledge - INFO - Found code-base-name: https://github.com/kavia-common/Recipe-Scraper-7400.git:kavia-new-sources
2025-08-19 05:35:02,917 - Knowledge - INFO - Found code_base: <app.utils.kg_build.knowledge.KnowledgeCodeBase object at 0x7f2715ddf6d0>
2025-08-19 05:35:02,917 - Knowledge - INFO - persist ingested knowledge for /app/data/b2c/7400/b5568kg/Recipe-Scraper-7400/test/constants/bbcgoodfoodConstants.js
2025-08-19 05:35:03,448 - Knowledge - INFO - done ingest for /app/data/b2c/7400/b5568kg/Recipe-Scraper-7400/test/constants/therealdealfoodrdsConstants.js
2025-08-19 05:35:03,496 - Knowledge - INFO - done ingest for /app/data/b2c/7400/b5568kg/Recipe-Scraper-7400/test/constants/minimalistbakerConstants.js
2025-08-19 05:35:03,539 - Knowledge - INFO - process ingested knowledge for /app/data/b2c/7400/b5568kg/Recipe-Scraper-7400/test/constants/therealdealfoodrdsConstants.js
2025-08-19 05:35:03,542 - Knowledge - INFO - process ingested knowledge for /app/data/b2c/7400/b5568kg/Recipe-Scraper-7400/test/constants/minimalistbakerConstants.js
2025-08-19 05:35:03,571 - Knowledge - INFO - persist search terms embedding for test/constants/recipetineatsConstants.js
2025-08-19 05:35:04,236 - Knowledge - INFO - done ingest for /app/data/b2c/7400/b5568kg/Recipe-Scraper-7400/test/constants/budgetbytesConstants.js
2025-08-19 05:35:04,295 - Knowledge - INFO - persist search terms embedding for test/constants/bbcgoodfoodConstants.js
2025-08-19 05:35:04,296 - Knowledge - INFO - worker kw15 pull /app/data/b2c/7400/b5568kg/Recipe-Scraper-7400/test/constants/copykatConstants.js from ingest queue
2025-08-19 05:35:04,296 - Knowledge - INFO - Thread kw15 - File copykatConstants.js - Remaining files in queue: 69
2025-08-19 05:35:04,296 - Knowledge - INFO - start ingest for /app/data/b2c/7400/b5568kg/Recipe-Scraper-7400/test/constants/copykatConstants.js
2025-08-19 05:35:04,306 - Knowledge - INFO - Found code-base-name: https://github.com/kavia-common/Recipe-Scraper-7400.git:kavia-new-sources
2025-08-19 05:35:04,306 - Knowledge - INFO - Found code_base: <app.utils.kg_build.knowledge.KnowledgeCodeBase object at 0x7f2715ddf6d0>
2025-08-19 05:35:04,306 - Knowledge - INFO - persist ingested knowledge for /app/data/b2c/7400/b5568kg/Recipe-Scraper-7400/test/constants/therealdealfoodrdsConstants.js
2025-08-19 05:35:04,307 - Knowledge - INFO - worker kw6 pull /app/data/b2c/7400/b5568kg/Recipe-Scraper-7400/test/constants/eatingwellConstants.js from ingest queue
2025-08-19 05:35:04,307 - Knowledge - INFO - Thread kw6 - File eatingwellConstants.js - Remaining files in queue: 68
2025-08-19 05:35:04,308 - Knowledge - INFO - start ingest for /app/data/b2c/7400/b5568kg/Recipe-Scraper-7400/test/constants/eatingwellConstants.js
2025-08-19 05:35:04,325 - Knowledge - INFO - process ingested knowledge for /app/data/b2c/7400/b5568kg/Recipe-Scraper-7400/test/constants/budgetbytesConstants.js
2025-08-19 05:35:04,654 - Knowledge - INFO - done ingest for /app/data/b2c/7400/b5568kg/Recipe-Scraper-7400/test/constants/bonappetitConstants.js
2025-08-19 05:35:04,727 - Knowledge - INFO - process ingested knowledge for /app/data/b2c/7400/b5568kg/Recipe-Scraper-7400/test/constants/bonappetitConstants.js
2025-08-19 05:35:04,853 - Knowledge - INFO - done ingest for /app/data/b2c/7400/b5568kg/Recipe-Scraper-7400/test/constants/cookieandkateConstants.js
2025-08-19 05:35:04,904 - Knowledge - INFO - process ingested knowledge for /app/data/b2c/7400/b5568kg/Recipe-Scraper-7400/test/constants/cookieandkateConstants.js
2025-08-19 05:35:05,056 - Knowledge - INFO - persist search terms embedding for test/constants/therealdealfoodrdsConstants.js
2025-08-19 05:35:05,056 - Knowledge - INFO - Found code-base-name: https://github.com/kavia-common/Recipe-Scraper-7400.git:kavia-new-sources
2025-08-19 05:35:05,057 - Knowledge - INFO - Found code_base: <app.utils.kg_build.knowledge.KnowledgeCodeBase object at 0x7f2715ddf6d0>
2025-08-19 05:35:05,057 - Knowledge - INFO - persist ingested knowledge for /app/data/b2c/7400/b5568kg/Recipe-Scraper-7400/test/constants/minimalistbakerConstants.js
2025-08-19 05:35:05,057 - Knowledge - INFO - worker kw3 pull /app/data/b2c/7400/b5568kg/Recipe-Scraper-7400/test/constants/bbcConstants.js from ingest queue
2025-08-19 05:35:05,057 - Knowledge - INFO - Thread kw3 - File bbcConstants.js - Remaining files in queue: 67
2025-08-19 05:35:05,057 - Knowledge - INFO - start ingest for /app/data/b2c/7400/b5568kg/Recipe-Scraper-7400/test/constants/bbcConstants.js
2025-08-19 05:35:05,066 - Knowledge - INFO - Found code-base-name: https://github.com/kavia-common/Recipe-Scraper-7400.git:kavia-new-sources
2025-08-19 05:35:05,066 - Knowledge - INFO - Found code_base: <app.utils.kg_build.knowledge.KnowledgeCodeBase object at 0x7f2715ddf6d0>
2025-08-19 05:35:05,066 - Knowledge - INFO - persist ingested knowledge for /app/data/b2c/7400/b5568kg/Recipe-Scraper-7400/test/constants/bonappetitConstants.js
2025-08-19 05:35:05,071 - Knowledge - INFO - Found code-base-name: https://github.com/kavia-common/Recipe-Scraper-7400.git:kavia-new-sources
2025-08-19 05:35:05,071 - Knowledge - INFO - Found code_base: <app.utils.kg_build.knowledge.KnowledgeCodeBase object at 0x7f2715ddf6d0>
2025-08-19 05:35:05,071 - Knowledge - INFO - persist ingested knowledge for /app/data/b2c/7400/b5568kg/Recipe-Scraper-7400/test/constants/cookieandkateConstants.js
2025-08-19 05:35:05,099 - Knowledge - INFO - worker kw1 pull /app/data/b2c/7400/b5568kg/Recipe-Scraper-7400/test/constants/ambitiouskitchenConstants.js from ingest queue
2025-08-19 05:35:05,099 - Knowledge - INFO - Thread kw1 - File ambitiouskitchenConstants.js - Remaining files in queue: 66
2025-08-19 05:35:05,100 - Knowledge - INFO - start ingest for /app/data/b2c/7400/b5568kg/Recipe-Scraper-7400/test/constants/ambitiouskitchenConstants.js
2025-08-19 05:35:05,436 - Knowledge - INFO - done ingest for /app/data/b2c/7400/b5568kg/Recipe-Scraper-7400/test/constants/foodandwineConstants.js
2025-08-19 05:35:05,501 - Knowledge - INFO - process ingested knowledge for /app/data/b2c/7400/b5568kg/Recipe-Scraper-7400/test/constants/foodandwineConstants.js
2025-08-19 05:35:05,700 - Knowledge - INFO - done ingest for /app/data/b2c/7400/b5568kg/Recipe-Scraper-7400/test/constants/foodnetworkConstants.js
2025-08-19 05:35:05,713 - Knowledge - INFO - persist search terms embedding for test/constants/minimalistbakerConstants.js
2025-08-19 05:35:05,755 - Knowledge - INFO - done ingest for /app/data/b2c/7400/b5568kg/Recipe-Scraper-7400/test/constants/allRecipesConstants.js
2025-08-19 05:35:05,757 - Knowledge - INFO - process ingested knowledge for /app/data/b2c/7400/b5568kg/Recipe-Scraper-7400/test/constants/foodnetworkConstants.js
2025-08-19 05:35:05,811 - Knowledge - INFO - process ingested knowledge for /app/data/b2c/7400/b5568kg/Recipe-Scraper-7400/test/constants/allRecipesConstants.js
2025-08-19 05:35:06,216 - Knowledge - INFO - done ingest for /app/data/b2c/7400/b5568kg/Recipe-Scraper-7400/test/constants/nomnompaleoConstants.js
2025-08-19 05:35:06,299 - Knowledge - INFO - process ingested knowledge for /app/data/b2c/7400/b5568kg/Recipe-Scraper-7400/test/constants/nomnompaleoConstants.js
2025-08-19 05:35:06,398 - Knowledge - INFO - persist search terms embedding for test/constants/bonappetitConstants.js
2025-08-19 05:35:06,443 - Knowledge - INFO - done ingest for /app/data/b2c/7400/b5568kg/Recipe-Scraper-7400/test/constants/thespruceeatsConstants.js
2025-08-19 05:35:06,509 - Knowledge - INFO - process ingested knowledge for /app/data/b2c/7400/b5568kg/Recipe-Scraper-7400/test/constants/thespruceeatsConstants.js
2025-08-19 05:35:06,714 - Knowledge - INFO - done ingest for /app/data/b2c/7400/b5568kg/Recipe-Scraper-7400/test/seriouseats.test.js
2025-08-19 05:35:06,736 - Knowledge - INFO - done ingest for /app/data/b2c/7400/b5568kg/Recipe-Scraper-7400/test/constants/simplyrecipesConstants.js
2025-08-19 05:35:06,770 - Knowledge - INFO - process ingested knowledge for /app/data/b2c/7400/b5568kg/Recipe-Scraper-7400/test/seriouseats.test.js
2025-08-19 05:35:06,825 - Knowledge - INFO - process ingested knowledge for /app/data/b2c/7400/b5568kg/Recipe-Scraper-7400/test/constants/simplyrecipesConstants.js
2025-08-19 05:35:07,088 - Knowledge - INFO - persist search terms embedding for test/constants/cookieandkateConstants.js
2025-08-19 05:35:07,096 - Knowledge - INFO - Found code-base-name: https://github.com/kavia-common/Recipe-Scraper-7400.git:kavia-new-sources
2025-08-19 05:35:07,097 - Knowledge - INFO - Found code_base: <app.utils.kg_build.knowledge.KnowledgeCodeBase object at 0x7f2715ddf6d0>
2025-08-19 05:35:07,097 - Knowledge - INFO - persist ingested knowledge for /app/data/b2c/7400/b5568kg/Recipe-Scraper-7400/test/constants/budgetbytesConstants.js
2025-08-19 05:35:07,100 - Knowledge - INFO - Found code-base-name: https://github.com/kavia-common/Recipe-Scraper-7400.git:kavia-new-sources
2025-08-19 05:35:07,100 - Knowledge - INFO - Found code_base: <app.utils.kg_build.knowledge.KnowledgeCodeBase object at 0x7f2715ddf6d0>
2025-08-19 05:35:07,100 - Knowledge - INFO - persist ingested knowledge for /app/data/b2c/7400/b5568kg/Recipe-Scraper-7400/test/constants/foodandwineConstants.js
2025-08-19 05:35:07,112 - Knowledge - INFO - worker kw24 pull /app/data/b2c/7400/b5568kg/Recipe-Scraper-7400/test/constants/averiecooksConstants.js from ingest queue
2025-08-19 05:35:07,112 - Knowledge - INFO - Thread kw24 - File averiecooksConstants.js - Remaining files in queue: 65
2025-08-19 05:35:07,112 - Knowledge - INFO - start ingest for /app/data/b2c/7400/b5568kg/Recipe-Scraper-7400/test/constants/averiecooksConstants.js
2025-08-19 05:35:07,113 - Knowledge - INFO - Found code-base-name: https://github.com/kavia-common/Recipe-Scraper-7400.git:kavia-new-sources
2025-08-19 05:35:07,113 - Knowledge - INFO - Found code_base: <app.utils.kg_build.knowledge.KnowledgeCodeBase object at 0x7f2715ddf6d0>
2025-08-19 05:35:07,113 - Knowledge - INFO - persist ingested knowledge for /app/data/b2c/7400/b5568kg/Recipe-Scraper-7400/test/constants/foodnetworkConstants.js
2025-08-19 05:35:07,118 - Knowledge - INFO - Found code-base-name: https://github.com/kavia-common/Recipe-Scraper-7400.git:kavia-new-sources
2025-08-19 05:35:07,119 - Knowledge - INFO - Found code_base: <app.utils.kg_build.knowledge.KnowledgeCodeBase object at 0x7f2715ddf6d0>
2025-08-19 05:35:07,119 - Knowledge - INFO - persist ingested knowledge for /app/data/b2c/7400/b5568kg/Recipe-Scraper-7400/test/constants/nomnompaleoConstants.js
2025-08-19 05:35:07,123 - Knowledge - INFO - worker kw23 pull /app/data/b2c/7400/b5568kg/Recipe-Scraper-7400/test/constants/omnivorescookbookConstants.js from ingest queue
2025-08-19 05:35:07,123 - Knowledge - INFO - Thread kw23 - File omnivorescookbookConstants.js - Remaining files in queue: 64
2025-08-19 05:35:07,123 - Knowledge - INFO - start ingest for /app/data/b2c/7400/b5568kg/Recipe-Scraper-7400/test/constants/omnivorescookbookConstants.js
2025-08-19 05:35:07,136 - Knowledge - INFO - Found code-base-name: https://github.com/kavia-common/Recipe-Scraper-7400.git:kavia-new-sources
2025-08-19 05:35:07,136 - Knowledge - INFO - Found code_base: <app.utils.kg_build.knowledge.KnowledgeCodeBase object at 0x7f2715ddf6d0>
2025-08-19 05:35:07,136 - Knowledge - INFO - persist ingested knowledge for /app/data/b2c/7400/b5568kg/Recipe-Scraper-7400/test/constants/thespruceeatsConstants.js
2025-08-19 05:35:07,142 - Knowledge - INFO - Found code-base-name: https://github.com/kavia-common/Recipe-Scraper-7400.git:kavia-new-sources
2025-08-19 05:35:07,143 - Knowledge - INFO - Found code_base: <app.utils.kg_build.knowledge.KnowledgeCodeBase object at 0x7f2715ddf6d0>
2025-08-19 05:35:07,144 - Knowledge - INFO - persist ingested knowledge for /app/data/b2c/7400/b5568kg/Recipe-Scraper-7400/test/constants/simplyrecipesConstants.js
2025-08-19 05:35:07,555 - Knowledge - INFO - done ingest for /app/data/b2c/7400/b5568kg/Recipe-Scraper-7400/test/constants/whatsgabycookingConstants.js
2025-08-19 05:35:07,646 - Knowledge - INFO - process ingested knowledge for /app/data/b2c/7400/b5568kg/Recipe-Scraper-7400/test/constants/whatsgabycookingConstants.js
2025-08-19 05:35:07,673 - Knowledge - INFO - done ingest for /app/data/b2c/7400/b5568kg/Recipe-Scraper-7400/test/constants/myrecipesConstants.js
2025-08-19 05:35:07,744 - Knowledge - INFO - process ingested knowledge for /app/data/b2c/7400/b5568kg/Recipe-Scraper-7400/test/constants/myrecipesConstants.js
2025-08-19 05:35:07,764 - Knowledge - INFO - done ingest for /app/data/b2c/7400/b5568kg/Recipe-Scraper-7400/test/constants/closetcookingConstants.js
2025-08-19 05:35:07,819 - Knowledge - INFO - done ingest for /app/data/b2c/7400/b5568kg/Recipe-Scraper-7400/test/constants/centraltexasfoodbankConstants.js
2025-08-19 05:35:07,858 - Knowledge - INFO - process ingested knowledge for /app/data/b2c/7400/b5568kg/Recipe-Scraper-7400/test/constants/centraltexasfoodbankConstants.js
2025-08-19 05:35:07,909 - Knowledge - INFO - process ingested knowledge for /app/data/b2c/7400/b5568kg/Recipe-Scraper-7400/test/constants/closetcookingConstants.js
2025-08-19 05:35:07,915 - Knowledge - INFO - persist search terms embedding for test/constants/budgetbytesConstants.js
2025-08-19 05:35:08,598 - Knowledge - INFO - persist search terms embedding for test/constants/foodandwineConstants.js
2025-08-19 05:35:08,605 - Knowledge - INFO - Found code-base-name: https://github.com/kavia-common/Recipe-Scraper-7400.git:kavia-new-sources
2025-08-19 05:35:08,605 - Knowledge - INFO - Found code_base: <app.utils.kg_build.knowledge.KnowledgeCodeBase object at 0x7f2715ddf6d0>
2025-08-19 05:35:08,605 - Knowledge - INFO - persist ingested knowledge for /app/data/b2c/7400/b5568kg/Recipe-Scraper-7400/test/constants/allRecipesConstants.js
2025-08-19 05:35:09,036 - Knowledge - INFO - done ingest for /app/data/b2c/7400/b5568kg/Recipe-Scraper-7400/test/constants/thepioneerwomanConstants.js
2025-08-19 05:35:09,074 - Knowledge - INFO - process ingested knowledge for /app/data/b2c/7400/b5568kg/Recipe-Scraper-7400/test/constants/thepioneerwomanConstants.js
2025-08-19 05:35:09,428 - Knowledge - INFO - persist search terms embedding for test/constants/foodnetworkConstants.js
2025-08-19 05:35:09,458 - Knowledge - INFO - done ingest for /app/data/b2c/7400/b5568kg/Recipe-Scraper-7400/test/constants/gimmesomeovenConstants.js
2025-08-19 05:35:09,528 - Knowledge - INFO - process ingested knowledge for /app/data/b2c/7400/b5568kg/Recipe-Scraper-7400/test/constants/gimmesomeovenConstants.js
2025-08-19 05:35:10,021 - Knowledge - INFO - persist search terms embedding for test/constants/nomnompaleoConstants.js
2025-08-19 05:35:10,024 - Knowledge - INFO - Found code-base-name: https://github.com/kavia-common/Recipe-Scraper-7400.git:kavia-new-sources
2025-08-19 05:35:10,024 - Knowledge - INFO - Found code_base: <app.utils.kg_build.knowledge.KnowledgeCodeBase object at 0x7f2715ddf6d0>
2025-08-19 05:35:10,024 - Knowledge - INFO - persist ingested knowledge for /app/data/b2c/7400/b5568kg/Recipe-Scraper-7400/test/seriouseats.test.js
2025-08-19 05:35:10,340 - Knowledge - INFO - done ingest for /app/data/b2c/7400/b5568kg/Recipe-Scraper-7400/test/constants/smittenkitchenConstants.js
2025-08-19 05:35:10,411 - Knowledge - INFO - process ingested knowledge for /app/data/b2c/7400/b5568kg/Recipe-Scraper-7400/test/constants/smittenkitchenConstants.js
2025-08-19 05:35:10,743 - Knowledge - INFO - persist search terms embedding for test/constants/thespruceeatsConstants.js
2025-08-19 05:35:11,546 - Knowledge - INFO - persist search terms embedding for test/constants/simplyrecipesConstants.js
2025-08-19 05:35:11,552 - Knowledge - INFO - worker kw2 pull /app/data/b2c/7400/b5568kg/Recipe-Scraper-7400/test/thereaddealfoodrds.test.js from ingest queue
2025-08-19 05:35:11,552 - Knowledge - INFO - Thread kw2 - File thereaddealfoodrds.test.js - Remaining files in queue: 63
2025-08-19 05:35:11,552 - Knowledge - INFO - start ingest for /app/data/b2c/7400/b5568kg/Recipe-Scraper-7400/test/thereaddealfoodrds.test.js
2025-08-19 05:35:11,555 - Knowledge - INFO - Found code-base-name: https://github.com/kavia-common/Recipe-Scraper-7400.git:kavia-new-sources
2025-08-19 05:35:11,556 - Knowledge - INFO - Found code_base: <app.utils.kg_build.knowledge.KnowledgeCodeBase object at 0x7f2715ddf6d0>
2025-08-19 05:35:11,556 - Knowledge - INFO - persist ingested knowledge for /app/data/b2c/7400/b5568kg/Recipe-Scraper-7400/test/constants/whatsgabycookingConstants.js
2025-08-19 05:35:11,558 - Knowledge - INFO - Found code-base-name: https://github.com/kavia-common/Recipe-Scraper-7400.git:kavia-new-sources
2025-08-19 05:35:11,558 - Knowledge - INFO - Found code_base: <app.utils.kg_build.knowledge.KnowledgeCodeBase object at 0x7f2715ddf6d0>
2025-08-19 05:35:11,559 - Knowledge - INFO - persist ingested knowledge for /app/data/b2c/7400/b5568kg/Recipe-Scraper-7400/test/constants/myrecipesConstants.js
2025-08-19 05:35:11,562 - Knowledge - INFO - Found code-base-name: https://github.com/kavia-common/Recipe-Scraper-7400.git:kavia-new-sources
2025-08-19 05:35:11,562 - Knowledge - INFO - Found code_base: <app.utils.kg_build.knowledge.KnowledgeCodeBase object at 0x7f2715ddf6d0>
2025-08-19 05:35:11,562 - Knowledge - INFO - persist ingested knowledge for /app/data/b2c/7400/b5568kg/Recipe-Scraper-7400/test/constants/centraltexasfoodbankConstants.js
2025-08-19 05:35:11,566 - Knowledge - INFO - Found code-base-name: https://github.com/kavia-common/Recipe-Scraper-7400.git:kavia-new-sources
2025-08-19 05:35:11,566 - Knowledge - INFO - Found code_base: <app.utils.kg_build.knowledge.KnowledgeCodeBase object at 0x7f2715ddf6d0>
2025-08-19 05:35:11,566 - Knowledge - INFO - persist ingested knowledge for /app/data/b2c/7400/b5568kg/Recipe-Scraper-7400/test/constants/closetcookingConstants.js
2025-08-19 05:35:11,636 - Knowledge - INFO - Fast-track processing for simple file: /app/data/b2c/7400/b5568kg/Recipe-Scraper-7400/test/thereaddealfoodrds.test.js
2025-08-19 05:35:11,636 - Knowledge - INFO - done fast ingest for /app/data/b2c/7400/b5568kg/Recipe-Scraper-7400/test/thereaddealfoodrds.test.js
2025-08-19 05:35:11,853 - Knowledge - INFO - done ingest for /app/data/b2c/7400/b5568kg/Recipe-Scraper-7400/test/constants/pinchofyumConstants.js
2025-08-19 05:35:11,901 - Knowledge - INFO - process ingested knowledge for /app/data/b2c/7400/b5568kg/Recipe-Scraper-7400/test/thereaddealfoodrds.test.js
2025-08-19 05:35:11,933 - Knowledge - INFO - done ingest for /app/data/b2c/7400/b5568kg/Recipe-Scraper-7400/test/constants/damndeliciousConstants.js
2025-08-19 05:35:11,956 - Knowledge - INFO - process ingested knowledge for /app/data/b2c/7400/b5568kg/Recipe-Scraper-7400/test/constants/pinchofyumConstants.js
2025-08-19 05:35:12,014 - Knowledge - INFO - process ingested knowledge for /app/data/b2c/7400/b5568kg/Recipe-Scraper-7400/test/constants/damndeliciousConstants.js
2025-08-19 05:35:12,394 - Knowledge - INFO - done ingest for /app/data/b2c/7400/b5568kg/Recipe-Scraper-7400/test/constants/yummlyConstants.js
2025-08-19 05:35:12,437 - Knowledge - INFO - process ingested knowledge for /app/data/b2c/7400/b5568kg/Recipe-Scraper-7400/test/constants/yummlyConstants.js
2025-08-19 05:35:12,603 - Knowledge - INFO - persist search terms embedding for test/constants/closetcookingConstants.js
2025-08-19 05:35:12,605 - Knowledge - INFO - worker kw25 pull /app/data/b2c/7400/b5568kg/Recipe-Scraper-7400/test/whatsgabycooking.test.js from ingest queue
2025-08-19 05:35:12,605 - Knowledge - INFO - Thread kw25 - File whatsgabycooking.test.js - Remaining files in queue: 62
2025-08-19 05:35:12,605 - Knowledge - INFO - start ingest for /app/data/b2c/7400/b5568kg/Recipe-Scraper-7400/test/whatsgabycooking.test.js
2025-08-19 05:35:12,620 - Knowledge - INFO - Found code-base-name: https://github.com/kavia-common/Recipe-Scraper-7400.git:kavia-new-sources
2025-08-19 05:35:12,620 - Knowledge - INFO - Found code_base: <app.utils.kg_build.knowledge.KnowledgeCodeBase object at 0x7f2715ddf6d0>
2025-08-19 05:35:12,621 - Knowledge - INFO - persist ingested knowledge for /app/data/b2c/7400/b5568kg/Recipe-Scraper-7400/test/constants/thepioneerwomanConstants.js
2025-08-19 05:35:12,635 - Knowledge - INFO - Fast-track processing for simple file: /app/data/b2c/7400/b5568kg/Recipe-Scraper-7400/test/whatsgabycooking.test.js
2025-08-19 05:35:12,635 - Knowledge - INFO - done fast ingest for /app/data/b2c/7400/b5568kg/Recipe-Scraper-7400/test/whatsgabycooking.test.js
2025-08-19 05:35:12,644 - Knowledge - INFO - worker kw21 pull /app/data/b2c/7400/b5568kg/Recipe-Scraper-7400/test/constants/seriouseatsConstants.js from ingest queue
2025-08-19 05:35:12,644 - Knowledge - INFO - Thread kw21 - File seriouseatsConstants.js - Remaining files in queue: 61
2025-08-19 05:35:12,644 - Knowledge - INFO - start ingest for /app/data/b2c/7400/b5568kg/Recipe-Scraper-7400/test/constants/seriouseatsConstants.js
2025-08-19 05:35:12,650 - Knowledge - INFO - Found code-base-name: https://github.com/kavia-common/Recipe-Scraper-7400.git:kavia-new-sources
2025-08-19 05:35:12,650 - Knowledge - INFO - Found code_base: <app.utils.kg_build.knowledge.KnowledgeCodeBase object at 0x7f2715ddf6d0>
2025-08-19 05:35:12,650 - Knowledge - INFO - persist ingested knowledge for /app/data/b2c/7400/b5568kg/Recipe-Scraper-7400/test/constants/gimmesomeovenConstants.js
2025-08-19 05:35:12,709 - Knowledge - INFO - worker kw18 pull /app/data/b2c/7400/b5568kg/Recipe-Scraper-7400/test/allRecipes.test.js from ingest queue
2025-08-19 05:35:12,709 - Knowledge - INFO - Thread kw18 - File allRecipes.test.js - Remaining files in queue: 60
2025-08-19 05:35:12,709 - Knowledge - INFO - start ingest for /app/data/b2c/7400/b5568kg/Recipe-Scraper-7400/test/allRecipes.test.js
2025-08-19 05:35:12,725 - Knowledge - INFO - Found code-base-name: https://github.com/kavia-common/Recipe-Scraper-7400.git:kavia-new-sources
2025-08-19 05:35:12,725 - Knowledge - INFO - Found code_base: <app.utils.kg_build.knowledge.KnowledgeCodeBase object at 0x7f2715ddf6d0>
2025-08-19 05:35:12,725 - Knowledge - INFO - persist ingested knowledge for /app/data/b2c/7400/b5568kg/Recipe-Scraper-7400/test/constants/smittenkitchenConstants.js
2025-08-19 05:35:12,729 - Knowledge - INFO - process ingested knowledge for /app/data/b2c/7400/b5568kg/Recipe-Scraper-7400/test/whatsgabycooking.test.js
2025-08-19 05:35:12,735 - Knowledge - INFO - worker kw13 pull /app/data/b2c/7400/b5568kg/Recipe-Scraper-7400/test/constants/tastebetterfromscratchConstants.js from ingest queue
2025-08-19 05:35:12,735 - Knowledge - INFO - Thread kw13 - File tastebetterfromscratchConstants.js - Remaining files in queue: 59
2025-08-19 05:35:12,736 - Knowledge - INFO - start ingest for /app/data/b2c/7400/b5568kg/Recipe-Scraper-7400/test/constants/tastebetterfromscratchConstants.js
2025-08-19 05:35:13,494 - Knowledge - INFO - persist search terms embedding for test/constants/whatsgabycookingConstants.js
2025-08-19 05:35:13,628 - Knowledge - INFO - done ingest for /app/data/b2c/7400/b5568kg/Recipe-Scraper-7400/test/constants/copykatConstants.js
2025-08-19 05:35:13,710 - Knowledge - INFO - process ingested knowledge for /app/data/b2c/7400/b5568kg/Recipe-Scraper-7400/test/constants/copykatConstants.js
2025-08-19 05:35:13,993 - Knowledge - INFO - done ingest for /app/data/b2c/7400/b5568kg/Recipe-Scraper-7400/test/constants/bbcConstants.js
2025-08-19 05:35:14,046 - Knowledge - INFO - process ingested knowledge for /app/data/b2c/7400/b5568kg/Recipe-Scraper-7400/test/constants/bbcConstants.js
2025-08-19 05:35:14,092 - Knowledge - INFO - persist search terms embedding for test/constants/centraltexasfoodbankConstants.js
2025-08-19 05:35:14,099 - Knowledge - INFO - worker kw17 pull /app/data/b2c/7400/b5568kg/Recipe-Scraper-7400/test/constants/kitchenstoriesConstants.js from ingest queue
2025-08-19 05:35:14,099 - Knowledge - INFO - Thread kw17 - File kitchenstoriesConstants.js - Remaining files in queue: 58
2025-08-19 05:35:14,099 - Knowledge - INFO - start ingest for /app/data/b2c/7400/b5568kg/Recipe-Scraper-7400/test/constants/kitchenstoriesConstants.js
2025-08-19 05:35:14,107 - Knowledge - INFO - Found code-base-name: https://github.com/kavia-common/Recipe-Scraper-7400.git:kavia-new-sources
2025-08-19 05:35:14,107 - Knowledge - INFO - Found code_base: <app.utils.kg_build.knowledge.KnowledgeCodeBase object at 0x7f2715ddf6d0>
2025-08-19 05:35:14,107 - Knowledge - INFO - persist ingested knowledge for /app/data/b2c/7400/b5568kg/Recipe-Scraper-7400/test/thereaddealfoodrds.test.js
2025-08-19 05:35:14,495 - Knowledge - INFO - Found code-base-name: https://github.com/kavia-common/Recipe-Scraper-7400.git:kavia-new-sources
2025-08-19 05:35:14,495 - Knowledge - INFO - Found code_base: <app.utils.kg_build.knowledge.KnowledgeCodeBase object at 0x7f2715ddf6d0>
2025-08-19 05:35:14,496 - Knowledge - INFO - persist ingested knowledge for /app/data/b2c/7400/b5568kg/Recipe-Scraper-7400/test/constants/yummlyConstants.js
2025-08-19 05:35:14,506 - Knowledge - INFO - done ingest for /app/data/b2c/7400/b5568kg/Recipe-Scraper-7400/test/constants/ambitiouskitchenConstants.js
2025-08-19 05:35:14,592 - Knowledge - INFO - process ingested knowledge for /app/data/b2c/7400/b5568kg/Recipe-Scraper-7400/test/constants/ambitiouskitchenConstants.js
2025-08-19 05:35:14,692 - Knowledge - INFO - done ingest for /app/data/b2c/7400/b5568kg/Recipe-Scraper-7400/test/constants/omnivorescookbookConstants.js
2025-08-19 05:35:14,819 - Knowledge - INFO - process ingested knowledge for /app/data/b2c/7400/b5568kg/Recipe-Scraper-7400/test/constants/omnivorescookbookConstants.js
2025-08-19 05:35:14,824 - Knowledge - INFO - done ingest for /app/data/b2c/7400/b5568kg/Recipe-Scraper-7400/test/constants/averiecooksConstants.js
2025-08-19 05:35:14,903 - Knowledge - INFO - process ingested knowledge for /app/data/b2c/7400/b5568kg/Recipe-Scraper-7400/test/constants/averiecooksConstants.js
2025-08-19 05:35:15,163 - Knowledge - INFO - persist search terms embedding for test/constants/allRecipesConstants.js
2025-08-19 05:35:15,165 - Knowledge - INFO - worker kw5 pull /app/data/b2c/7400/b5568kg/Recipe-Scraper-7400/test/smittenkitchen.test.js from ingest queue
2025-08-19 05:35:15,166 - Knowledge - INFO - Thread kw5 - File smittenkitchen.test.js - Remaining files in queue: 57
2025-08-19 05:35:15,166 - Knowledge - INFO - start ingest for /app/data/b2c/7400/b5568kg/Recipe-Scraper-7400/test/smittenkitchen.test.js
2025-08-19 05:35:15,424 - Knowledge - INFO - done ingest for /app/data/b2c/7400/b5568kg/Recipe-Scraper-7400/test/constants/eatingwellConstants.js
2025-08-19 05:35:15,502 - Knowledge - INFO - process ingested knowledge for /app/data/b2c/7400/b5568kg/Recipe-Scraper-7400/test/constants/eatingwellConstants.js
2025-08-19 05:35:15,830 - Knowledge - INFO - persist search terms embedding for test/seriouseats.test.js
2025-08-19 05:35:16,459 - Knowledge - INFO - persist search terms embedding for test/constants/gimmesomeovenConstants.js
2025-08-19 05:35:16,460 - Knowledge - INFO - worker kw16 pull /app/data/b2c/7400/b5568kg/Recipe-Scraper-7400/test/helpers/commonRecipeTest.js from ingest queue
2025-08-19 05:35:16,460 - Knowledge - INFO - Thread kw16 - File commonRecipeTest.js - Remaining files in queue: 56
2025-08-19 05:35:16,461 - Knowledge - INFO - start ingest for /app/data/b2c/7400/b5568kg/Recipe-Scraper-7400/test/helpers/commonRecipeTest.js
2025-08-19 05:35:16,462 - Knowledge - INFO - Found code-base-name: https://github.com/kavia-common/Recipe-Scraper-7400.git:kavia-new-sources
2025-08-19 05:35:16,462 - Knowledge - INFO - Found code_base: <app.utils.kg_build.knowledge.KnowledgeCodeBase object at 0x7f2715ddf6d0>
2025-08-19 05:35:16,463 - Knowledge - INFO - persist ingested knowledge for /app/data/b2c/7400/b5568kg/Recipe-Scraper-7400/test/whatsgabycooking.test.js
2025-08-19 05:35:17,032 - Knowledge - INFO - done ingest for /app/data/b2c/7400/b5568kg/Recipe-Scraper-7400/test/constants/tastebetterfromscratchConstants.js
2025-08-19 05:35:17,069 - Knowledge - INFO - process ingested knowledge for /app/data/b2c/7400/b5568kg/Recipe-Scraper-7400/test/constants/tastebetterfromscratchConstants.js
2025-08-19 05:35:17,192 - Knowledge - INFO - persist search terms embedding for test/constants/myrecipesConstants.js
2025-08-19 05:35:17,205 - Knowledge - INFO - worker kw12 pull /app/data/b2c/7400/b5568kg/Recipe-Scraper-7400/test/budgetbytes.test.js from ingest queue
2025-08-19 05:35:17,205 - Knowledge - INFO - Thread kw12 - File budgetbytes.test.js - Remaining files in queue: 55
2025-08-19 05:35:17,206 - Knowledge - INFO - start ingest for /app/data/b2c/7400/b5568kg/Recipe-Scraper-7400/test/budgetbytes.test.js
2025-08-19 05:35:17,215 - Knowledge - INFO - Found code-base-name: https://github.com/kavia-common/Recipe-Scraper-7400.git:kavia-new-sources
2025-08-19 05:35:17,215 - Knowledge - INFO - Found code_base: <app.utils.kg_build.knowledge.KnowledgeCodeBase object at 0x7f2715ddf6d0>
2025-08-19 05:35:17,215 - Knowledge - INFO - persist ingested knowledge for /app/data/b2c/7400/b5568kg/Recipe-Scraper-7400/test/constants/bbcConstants.js
2025-08-19 05:35:17,217 - Knowledge - INFO - Found code-base-name: https://github.com/kavia-common/Recipe-Scraper-7400.git:kavia-new-sources
2025-08-19 05:35:17,217 - Knowledge - INFO - Found code_base: <app.utils.kg_build.knowledge.KnowledgeCodeBase object at 0x7f2715ddf6d0>
2025-08-19 05:35:17,217 - Knowledge - INFO - persist ingested knowledge for /app/data/b2c/7400/b5568kg/Recipe-Scraper-7400/test/constants/pinchofyumConstants.js
2025-08-19 05:35:17,220 - Knowledge - INFO - Found code-base-name: https://github.com/kavia-common/Recipe-Scraper-7400.git:kavia-new-sources
2025-08-19 05:35:17,220 - Knowledge - INFO - Found code_base: <app.utils.kg_build.knowledge.KnowledgeCodeBase object at 0x7f2715ddf6d0>
2025-08-19 05:35:17,220 - Knowledge - INFO - persist ingested knowledge for /app/data/b2c/7400/b5568kg/Recipe-Scraper-7400/test/constants/damndeliciousConstants.js
2025-08-19 05:35:17,222 - Knowledge - INFO - worker kw11 pull /app/data/b2c/7400/b5568kg/Recipe-Scraper-7400/test/pinchofyum.test.js from ingest queue
2025-08-19 05:35:17,223 - Knowledge - INFO - Thread kw11 - File pinchofyum.test.js - Remaining files in queue: 54
2025-08-19 05:35:17,223 - Knowledge - INFO - start ingest for /app/data/b2c/7400/b5568kg/Recipe-Scraper-7400/test/pinchofyum.test.js
2025-08-19 05:35:17,234 - Knowledge - INFO - worker kw2 pull /app/data/b2c/7400/b5568kg/Recipe-Scraper-7400/helpers/puppeteerFetch.js from ingest queue
2025-08-19 05:35:17,234 - Knowledge - INFO - Thread kw2 - File puppeteerFetch.js - Remaining files in queue: 53
2025-08-19 05:35:17,234 - Knowledge - INFO - start ingest for /app/data/b2c/7400/b5568kg/Recipe-Scraper-7400/helpers/puppeteerFetch.js
2025-08-19 05:35:17,236 - Knowledge - INFO - Fast-track processing for simple file: /app/data/b2c/7400/b5568kg/Recipe-Scraper-7400/test/pinchofyum.test.js
2025-08-19 05:35:17,236 - Knowledge - INFO - done fast ingest for /app/data/b2c/7400/b5568kg/Recipe-Scraper-7400/test/pinchofyum.test.js
2025-08-19 05:35:17,242 - Knowledge - INFO - Found code-base-name: https://github.com/kavia-common/Recipe-Scraper-7400.git:kavia-new-sources
2025-08-19 05:35:17,242 - Knowledge - INFO - Found code_base: <app.utils.kg_build.knowledge.KnowledgeCodeBase object at 0x7f2715ddf6d0>
2025-08-19 05:35:17,242 - Knowledge - INFO - persist ingested knowledge for /app/data/b2c/7400/b5568kg/Recipe-Scraper-7400/test/constants/ambitiouskitchenConstants.js
2025-08-19 05:35:17,242 - Knowledge - INFO - done ingest for /app/data/b2c/7400/b5568kg/Recipe-Scraper-7400/test/constants/seriouseatsConstants.js
2025-08-19 05:35:17,247 - Knowledge - INFO - Fast-track processing for simple file: /app/data/b2c/7400/b5568kg/Recipe-Scraper-7400/test/budgetbytes.test.js
2025-08-19 05:35:17,248 - Knowledge - INFO - done fast ingest for /app/data/b2c/7400/b5568kg/Recipe-Scraper-7400/test/budgetbytes.test.js
2025-08-19 05:35:17,249 - Knowledge - INFO - Found code-base-name: https://github.com/kavia-common/Recipe-Scraper-7400.git:kavia-new-sources
2025-08-19 05:35:17,250 - Knowledge - INFO - Found code_base: <app.utils.kg_build.knowledge.KnowledgeCodeBase object at 0x7f2715ddf6d0>
2025-08-19 05:35:17,250 - Knowledge - INFO - persist ingested knowledge for /app/data/b2c/7400/b5568kg/Recipe-Scraper-7400/test/constants/averiecooksConstants.js
2025-08-19 05:35:17,295 - Knowledge - INFO - process ingested knowledge for /app/data/b2c/7400/b5568kg/Recipe-Scraper-7400/test/constants/seriouseatsConstants.js
2025-08-19 05:35:17,348 - Knowledge - INFO - process ingested knowledge for /app/data/b2c/7400/b5568kg/Recipe-Scraper-7400/test/budgetbytes.test.js
2025-08-19 05:35:17,351 - Knowledge - INFO - process ingested knowledge for /app/data/b2c/7400/b5568kg/Recipe-Scraper-7400/test/pinchofyum.test.js
2025-08-19 05:35:17,945 - Knowledge - INFO - persist search terms embedding for test/constants/averiecooksConstants.js
2025-08-19 05:35:18,505 - Knowledge - INFO - done ingest for /app/data/b2c/7400/b5568kg/Recipe-Scraper-7400/test/constants/kitchenstoriesConstants.js
2025-08-19 05:35:18,552 - Knowledge - INFO - process ingested knowledge for /app/data/b2c/7400/b5568kg/Recipe-Scraper-7400/test/constants/kitchenstoriesConstants.js
2025-08-19 05:35:18,602 - Knowledge - INFO - persist search terms embedding for test/constants/thepioneerwomanConstants.js
2025-08-19 05:35:18,608 - Knowledge - INFO - Found code-base-name: https://github.com/kavia-common/Recipe-Scraper-7400.git:kavia-new-sources
2025-08-19 05:35:18,609 - Knowledge - INFO - Found code_base: <app.utils.kg_build.knowledge.KnowledgeCodeBase object at 0x7f2715ddf6d0>
2025-08-19 05:35:18,609 - Knowledge - INFO - persist ingested knowledge for /app/data/b2c/7400/b5568kg/Recipe-Scraper-7400/test/constants/eatingwellConstants.js
2025-08-19 05:35:18,615 - Knowledge - INFO - worker kw4 pull /app/data/b2c/7400/b5568kg/Recipe-Scraper-7400/README.md from ingest queue
2025-08-19 05:35:18,615 - Knowledge - INFO - Thread kw4 - File README.md - Remaining files in queue: 52
2025-08-19 05:35:18,615 - Knowledge - INFO - start ingest for /app/data/b2c/7400/b5568kg/Recipe-Scraper-7400/README.md
2025-08-19 05:35:18,624 - Knowledge - INFO - worker kw10 pull /app/data/b2c/7400/b5568kg/Recipe-Scraper-7400/helpers/recipe-schema.js from ingest queue
2025-08-19 05:35:18,624 - Knowledge - INFO - Thread kw10 - File recipe-schema.js - Remaining files in queue: 51
2025-08-19 05:35:18,625 - Knowledge - INFO - start ingest for /app/data/b2c/7400/b5568kg/Recipe-Scraper-7400/helpers/recipe-schema.js
2025-08-19 05:35:18,634 - Knowledge - INFO - Found code-base-name: https://github.com/kavia-common/Recipe-Scraper-7400.git:kavia-new-sources
2025-08-19 05:35:18,634 - Knowledge - INFO - Found code_base: <app.utils.kg_build.knowledge.KnowledgeCodeBase object at 0x7f2715ddf6d0>
2025-08-19 05:35:18,634 - Knowledge - INFO - persist ingested knowledge for /app/data/b2c/7400/b5568kg/Recipe-Scraper-7400/test/constants/tastebetterfromscratchConstants.js
2025-08-19 05:35:18,638 - Knowledge - INFO - Found code-base-name: https://github.com/kavia-common/Recipe-Scraper-7400.git:kavia-new-sources
2025-08-19 05:35:18,638 - Knowledge - INFO - Found code_base: <app.utils.kg_build.knowledge.KnowledgeCodeBase object at 0x7f2715ddf6d0>
2025-08-19 05:35:18,638 - Knowledge - INFO - persist ingested knowledge for /app/data/b2c/7400/b5568kg/Recipe-Scraper-7400/test/constants/copykatConstants.js
2025-08-19 05:35:18,639 - Knowledge - INFO - Fast-track processing for simple file: /app/data/b2c/7400/b5568kg/Recipe-Scraper-7400/README.md
2025-08-19 05:35:18,639 - Knowledge - INFO - done fast ingest for /app/data/b2c/7400/b5568kg/Recipe-Scraper-7400/README.md
2025-08-19 05:35:18,640 - Knowledge - INFO - worker kw22 pull /app/data/b2c/7400/b5568kg/Recipe-Scraper-7400/test/foodnetwork.test.js from ingest queue
2025-08-19 05:35:18,640 - Knowledge - INFO - Thread kw22 - File foodnetwork.test.js - Remaining files in queue: 50
2025-08-19 05:35:18,643 - Knowledge - INFO - Fast-track processing for simple file: /app/data/b2c/7400/b5568kg/Recipe-Scraper-7400/helpers/recipe-schema.js
2025-08-19 05:35:18,643 - Knowledge - INFO - done fast ingest for /app/data/b2c/7400/b5568kg/Recipe-Scraper-7400/helpers/recipe-schema.js
2025-08-19 05:35:18,643 - Knowledge - INFO - start ingest for /app/data/b2c/7400/b5568kg/Recipe-Scraper-7400/test/foodnetwork.test.js
2025-08-19 05:35:18,646 - Knowledge - INFO - process ingested knowledge for /app/data/b2c/7400/b5568kg/Recipe-Scraper-7400/README.md
2025-08-19 05:35:18,805 - Knowledge - INFO - process ingested knowledge for /app/data/b2c/7400/b5568kg/Recipe-Scraper-7400/helpers/recipe-schema.js
2025-08-19 05:35:19,334 - Knowledge - INFO - persist search terms embedding for test/constants/bbcConstants.js
2025-08-19 05:35:19,996 - Knowledge - INFO - persist search terms embedding for test/constants/damndeliciousConstants.js
2025-08-19 05:35:20,511 - Knowledge - INFO - done ingest for /app/data/b2c/7400/b5568kg/Recipe-Scraper-7400/test/allRecipes.test.js
2025-08-19 05:35:20,602 - Knowledge - INFO - process ingested knowledge for /app/data/b2c/7400/b5568kg/Recipe-Scraper-7400/test/allRecipes.test.js
2025-08-19 05:35:20,767 - Knowledge - INFO - persist search terms embedding for test/constants/yummlyConstants.js
2025-08-19 05:35:20,770 - Knowledge - INFO - Found code-base-name: https://github.com/kavia-common/Recipe-Scraper-7400.git:kavia-new-sources
2025-08-19 05:35:20,770 - Knowledge - INFO - Found code_base: <app.utils.kg_build.knowledge.KnowledgeCodeBase object at 0x7f2715ddf6d0>
2025-08-19 05:35:20,770 - Knowledge - INFO - persist ingested knowledge for /app/data/b2c/7400/b5568kg/Recipe-Scraper-7400/test/constants/omnivorescookbookConstants.js
2025-08-19 05:35:21,553 - Knowledge - INFO - persist search terms embedding for test/constants/ambitiouskitchenConstants.js
2025-08-19 05:35:21,559 - Knowledge - INFO - worker kw20 pull /app/data/b2c/7400/b5568kg/Recipe-Scraper-7400/test/centraltexasfoodbank.test.js from ingest queue
2025-08-19 05:35:21,559 - Knowledge - INFO - Thread kw20 - File centraltexasfoodbank.test.js - Remaining files in queue: 49
2025-08-19 05:35:21,560 - Knowledge - INFO - start ingest for /app/data/b2c/7400/b5568kg/Recipe-Scraper-7400/test/centraltexasfoodbank.test.js
2025-08-19 05:35:21,562 - Knowledge - INFO - Found code-base-name: https://github.com/kavia-common/Recipe-Scraper-7400.git:kavia-new-sources
2025-08-19 05:35:21,562 - Knowledge - INFO - Found code_base: <app.utils.kg_build.knowledge.KnowledgeCodeBase object at 0x7f2715ddf6d0>
2025-08-19 05:35:21,562 - Knowledge - INFO - persist ingested knowledge for /app/data/b2c/7400/b5568kg/Recipe-Scraper-7400/test/constants/seriouseatsConstants.js
2025-08-19 05:35:21,563 - Knowledge - INFO - Found code-base-name: https://github.com/kavia-common/Recipe-Scraper-7400.git:kavia-new-sources
2025-08-19 05:35:21,563 - Knowledge - INFO - Found code_base: <app.utils.kg_build.knowledge.KnowledgeCodeBase object at 0x7f2715ddf6d0>
2025-08-19 05:35:21,563 - Knowledge - INFO - persist ingested knowledge for /app/data/b2c/7400/b5568kg/Recipe-Scraper-7400/test/pinchofyum.test.js
2025-08-19 05:35:21,628 - Knowledge - INFO - Fast-track processing for simple file: /app/data/b2c/7400/b5568kg/Recipe-Scraper-7400/test/centraltexasfoodbank.test.js
2025-08-19 05:35:21,628 - Knowledge - INFO - done fast ingest for /app/data/b2c/7400/b5568kg/Recipe-Scraper-7400/test/centraltexasfoodbank.test.js
2025-08-19 05:35:21,699 - Knowledge - INFO - process ingested knowledge for /app/data/b2c/7400/b5568kg/Recipe-Scraper-7400/test/centraltexasfoodbank.test.js
2025-08-19 05:35:21,840 - Knowledge - INFO - Found code-base-name: https://github.com/kavia-common/Recipe-Scraper-7400.git:kavia-new-sources
2025-08-19 05:35:21,841 - Knowledge - INFO - Found code_base: <app.utils.kg_build.knowledge.KnowledgeCodeBase object at 0x7f2715ddf6d0>
2025-08-19 05:35:21,841 - Knowledge - INFO - persist ingested knowledge for /app/data/b2c/7400/b5568kg/Recipe-Scraper-7400/test/constants/kitchenstoriesConstants.js
2025-08-19 05:35:21,842 - Knowledge - INFO - worker kw8 pull /app/data/b2c/7400/b5568kg/Recipe-Scraper-7400/test/foodandwine.test.js from ingest queue
2025-08-19 05:35:21,842 - Knowledge - INFO - Thread kw8 - File foodandwine.test.js - Remaining files in queue: 48
2025-08-19 05:35:21,843 - Knowledge - INFO - start ingest for /app/data/b2c/7400/b5568kg/Recipe-Scraper-7400/test/foodandwine.test.js
2025-08-19 05:35:21,857 - Knowledge - INFO - Fast-track processing for simple file: /app/data/b2c/7400/b5568kg/Recipe-Scraper-7400/test/foodandwine.test.js
2025-08-19 05:35:21,857 - Knowledge - INFO - done fast ingest for /app/data/b2c/7400/b5568kg/Recipe-Scraper-7400/test/foodandwine.test.js
2025-08-19 05:35:21,901 - Knowledge - INFO - process ingested knowledge for /app/data/b2c/7400/b5568kg/Recipe-Scraper-7400/test/foodandwine.test.js
2025-08-19 05:35:22,195 - Knowledge - INFO - done ingest for /app/data/b2c/7400/b5568kg/Recipe-Scraper-7400/test/helpers/commonRecipeTest.js
2025-08-19 05:35:22,263 - Knowledge - INFO - process ingested knowledge for /app/data/b2c/7400/b5568kg/Recipe-Scraper-7400/test/helpers/commonRecipeTest.js
2025-08-19 05:35:22,492 - Knowledge - INFO - done ingest for /app/data/b2c/7400/b5568kg/Recipe-Scraper-7400/test/smittenkitchen.test.js
2025-08-19 05:35:22,511 - Knowledge - INFO - persist search terms embedding for test/constants/eatingwellConstants.js
2025-08-19 05:35:22,597 - Knowledge - INFO - process ingested knowledge for /app/data/b2c/7400/b5568kg/Recipe-Scraper-7400/test/smittenkitchen.test.js
2025-08-19 05:35:23,207 - Knowledge - INFO - done ingest for /app/data/b2c/7400/b5568kg/Recipe-Scraper-7400/test/foodnetwork.test.js
2025-08-19 05:35:23,356 - Knowledge - INFO - process ingested knowledge for /app/data/b2c/7400/b5568kg/Recipe-Scraper-7400/test/foodnetwork.test.js
2025-08-19 05:35:23,440 - Knowledge - INFO - done ingest for /app/data/b2c/7400/b5568kg/Recipe-Scraper-7400/helpers/puppeteerFetch.js
2025-08-19 05:35:23,456 - Knowledge - INFO - process ingested knowledge for /app/data/b2c/7400/b5568kg/Recipe-Scraper-7400/helpers/puppeteerFetch.js
2025-08-19 05:35:23,699 - Knowledge - INFO - persist search terms embedding for test/constants/tastebetterfromscratchConstants.js
2025-08-19 05:35:24,088 - Knowledge - INFO - persist search terms embedding for test/constants/copykatConstants.js
2025-08-19 05:35:24,416 - Knowledge - INFO - persist search terms embedding for test/constants/pinchofyumConstants.js
2025-08-19 05:35:24,416 - Knowledge - INFO - Found code-base-name: https://github.com/kavia-common/Recipe-Scraper-7400.git:kavia-new-sources
2025-08-19 05:35:24,416 - Knowledge - INFO - Found code_base: <app.utils.kg_build.knowledge.KnowledgeCodeBase object at 0x7f2715ddf6d0>
2025-08-19 05:35:24,417 - Knowledge - INFO - persist ingested knowledge for /app/data/b2c/7400/b5568kg/Recipe-Scraper-7400/README.md
2025-08-19 05:35:24,417 - Knowledge - INFO - Found code-base-name: https://github.com/kavia-common/Recipe-Scraper-7400.git:kavia-new-sources
2025-08-19 05:35:24,417 - Knowledge - INFO - Found code_base: <app.utils.kg_build.knowledge.KnowledgeCodeBase object at 0x7f2715ddf6d0>
2025-08-19 05:35:24,417 - Knowledge - INFO - persist ingested knowledge for /app/data/b2c/7400/b5568kg/Recipe-Scraper-7400/helpers/recipe-schema.js
2025-08-19 05:35:24,417 - Knowledge - INFO - worker kw3 pull /app/data/b2c/7400/b5568kg/Recipe-Scraper-7400/scrapers/nomnompaleo.js from ingest queue
2025-08-19 05:35:24,418 - Knowledge - INFO - Thread kw3 - File nomnompaleo.js - Remaining files in queue: 47
2025-08-19 05:35:24,418 - Knowledge - INFO - start ingest for /app/data/b2c/7400/b5568kg/Recipe-Scraper-7400/scrapers/nomnompaleo.js
2025-08-19 05:35:24,418 - Knowledge - INFO - worker kw19 pull /app/data/b2c/7400/b5568kg/Recipe-Scraper-7400/scrapers/omnivorescookbook.js from ingest queue
2025-08-19 05:35:24,418 - Knowledge - INFO - Thread kw19 - File omnivorescookbook.js - Remaining files in queue: 46
2025-08-19 05:35:24,418 - Knowledge - INFO - start ingest for /app/data/b2c/7400/b5568kg/Recipe-Scraper-7400/scrapers/omnivorescookbook.js
2025-08-19 05:35:24,418 - Knowledge - INFO - worker kw14 pull /app/data/b2c/7400/b5568kg/Recipe-Scraper-7400/package.json from ingest queue
2025-08-19 05:35:24,419 - Knowledge - INFO - Thread kw14 - File package.json - Remaining files in queue: 45
2025-08-19 05:35:24,419 - Knowledge - INFO - start ingest for /app/data/b2c/7400/b5568kg/Recipe-Scraper-7400/package.json
2025-08-19 05:35:24,419 - Knowledge - INFO - worker kw1 pull /app/data/b2c/7400/b5568kg/Recipe-Scraper-7400/test/bonappetit.test.js from ingest queue
2025-08-19 05:35:24,419 - Knowledge - INFO - Thread kw1 - File bonappetit.test.js - Remaining files in queue: 44
2025-08-19 05:35:24,421 - Knowledge - INFO - start ingest for /app/data/b2c/7400/b5568kg/Recipe-Scraper-7400/test/bonappetit.test.js
2025-08-19 05:35:24,421 - Knowledge - INFO - Fast-track processing for simple file: /app/data/b2c/7400/b5568kg/Recipe-Scraper-7400/package.json
2025-08-19 05:35:24,421 - Knowledge - INFO - done fast ingest for /app/data/b2c/7400/b5568kg/Recipe-Scraper-7400/package.json
2025-08-19 05:35:24,422 - Knowledge - INFO - process ingested knowledge for /app/data/b2c/7400/b5568kg/Recipe-Scraper-7400/package.json
2025-08-19 05:35:24,423 - Knowledge - INFO - Fast-track processing for simple file: /app/data/b2c/7400/b5568kg/Recipe-Scraper-7400/test/bonappetit.test.js
2025-08-19 05:35:24,423 - Knowledge - INFO - done fast ingest for /app/data/b2c/7400/b5568kg/Recipe-Scraper-7400/test/bonappetit.test.js
2025-08-19 05:35:24,452 - Knowledge - INFO - process ingested knowledge for /app/data/b2c/7400/b5568kg/Recipe-Scraper-7400/test/bonappetit.test.js
2025-08-19 05:35:24,833 - Knowledge - INFO - persist search terms embedding for test/constants/seriouseatsConstants.js
2025-08-19 05:35:24,836 - Knowledge - INFO - Found code-base-name: https://github.com/kavia-common/Recipe-Scraper-7400.git:kavia-new-sources
2025-08-19 05:35:24,837 - Knowledge - INFO - Found code_base: <app.utils.kg_build.knowledge.KnowledgeCodeBase object at 0x7f2715ddf6d0>
2025-08-19 05:35:24,837 - Knowledge - INFO - persist ingested knowledge for /app/data/b2c/7400/b5568kg/Recipe-Scraper-7400/test/centraltexasfoodbank.test.js
2025-08-19 05:35:24,839 - Knowledge - INFO - worker kw11 pull /app/data/b2c/7400/b5568kg/Recipe-Scraper-7400/test/tastesbetterfromscratch.test.js from ingest queue
2025-08-19 05:35:24,839 - Knowledge - INFO - Thread kw11 - File tastesbetterfromscratch.test.js - Remaining files in queue: 43
2025-08-19 05:35:24,839 - Knowledge - INFO - start ingest for /app/data/b2c/7400/b5568kg/Recipe-Scraper-7400/test/tastesbetterfromscratch.test.js
2025-08-19 05:35:24,845 - Knowledge - INFO - Fast-track processing for simple file: /app/data/b2c/7400/b5568kg/Recipe-Scraper-7400/test/tastesbetterfromscratch.test.js
2025-08-19 05:35:24,845 - Knowledge - INFO - done fast ingest for /app/data/b2c/7400/b5568kg/Recipe-Scraper-7400/test/tastesbetterfromscratch.test.js
2025-08-19 05:35:24,862 - Knowledge - INFO - process ingested knowledge for /app/data/b2c/7400/b5568kg/Recipe-Scraper-7400/test/tastesbetterfromscratch.test.js
2025-08-19 05:35:25,309 - Knowledge - INFO - persist search terms embedding for test/constants/kitchenstoriesConstants.js
2025-08-19 05:35:25,309 - Knowledge - INFO - Found code-base-name: https://github.com/kavia-common/Recipe-Scraper-7400.git:kavia-new-sources
2025-08-19 05:35:25,309 - Knowledge - INFO - Found code_base: <app.utils.kg_build.knowledge.KnowledgeCodeBase object at 0x7f2715ddf6d0>
2025-08-19 05:35:25,309 - Knowledge - INFO - persist ingested knowledge for /app/data/b2c/7400/b5568kg/Recipe-Scraper-7400/test/foodandwine.test.js
2025-08-19 05:35:25,310 - Knowledge - INFO - Found code-base-name: https://github.com/kavia-common/Recipe-Scraper-7400.git:kavia-new-sources
2025-08-19 05:35:25,310 - Knowledge - INFO - Found code_base: <app.utils.kg_build.knowledge.KnowledgeCodeBase object at 0x7f2715ddf6d0>
2025-08-19 05:35:25,310 - Knowledge - INFO - persist ingested knowledge for /app/data/b2c/7400/b5568kg/Recipe-Scraper-7400/test/helpers/commonRecipeTest.js
2025-08-19 05:35:25,310 - Knowledge - INFO - worker kw6 pull /app/data/b2c/7400/b5568kg/Recipe-Scraper-7400/test/closetcooking.test.js from ingest queue
2025-08-19 05:35:25,310 - Knowledge - INFO - Thread kw6 - File closetcooking.test.js - Remaining files in queue: 42
2025-08-19 05:35:25,310 - Knowledge - INFO - start ingest for /app/data/b2c/7400/b5568kg/Recipe-Scraper-7400/test/closetcooking.test.js
2025-08-19 05:35:25,311 - Knowledge - INFO - Found code-base-name: https://github.com/kavia-common/Recipe-Scraper-7400.git:kavia-new-sources
2025-08-19 05:35:25,311 - Knowledge - INFO - Found code_base: <app.utils.kg_build.knowledge.KnowledgeCodeBase object at 0x7f2715ddf6d0>
2025-08-19 05:35:25,311 - Knowledge - INFO - persist ingested knowledge for /app/data/b2c/7400/b5568kg/Recipe-Scraper-7400/test/smittenkitchen.test.js
2025-08-19 05:35:25,315 - Knowledge - INFO - Found code-base-name: https://github.com/kavia-common/Recipe-Scraper-7400.git:kavia-new-sources
2025-08-19 05:35:25,315 - Knowledge - INFO - Found code_base: <app.utils.kg_build.knowledge.KnowledgeCodeBase object at 0x7f2715ddf6d0>
2025-08-19 05:35:25,315 - Knowledge - INFO - persist ingested knowledge for /app/data/b2c/7400/b5568kg/Recipe-Scraper-7400/test/foodnetwork.test.js
2025-08-19 05:35:25,315 - Knowledge - INFO - Found code-base-name: https://github.com/kavia-common/Recipe-Scraper-7400.git:kavia-new-sources
2025-08-19 05:35:25,315 - Knowledge - INFO - Found code_base: <app.utils.kg_build.knowledge.KnowledgeCodeBase object at 0x7f2715ddf6d0>
2025-08-19 05:35:25,316 - Knowledge - INFO - persist ingested knowledge for /app/data/b2c/7400/b5568kg/Recipe-Scraper-7400/helpers/puppeteerFetch.js
2025-08-19 05:35:25,316 - Knowledge - INFO - worker kw13 pull /app/data/b2c/7400/b5568kg/Recipe-Scraper-7400/scrapers/myrecipes.js from ingest queue
2025-08-19 05:35:25,316 - Knowledge - INFO - Thread kw13 - File myrecipes.js - Remaining files in queue: 41
2025-08-19 05:35:25,316 - Knowledge - INFO - start ingest for /app/data/b2c/7400/b5568kg/Recipe-Scraper-7400/scrapers/myrecipes.js
2025-08-19 05:35:25,317 - Knowledge - INFO - worker kw15 pull /app/data/b2c/7400/b5568kg/Recipe-Scraper-7400/scrapers/simplyrecipes.js from ingest queue
2025-08-19 05:35:25,317 - Knowledge - INFO - Thread kw15 - File simplyrecipes.js - Remaining files in queue: 40
2025-08-19 05:35:25,317 - Knowledge - INFO - start ingest for /app/data/b2c/7400/b5568kg/Recipe-Scraper-7400/scrapers/simplyrecipes.js
2025-08-19 05:35:25,321 - Knowledge - INFO - Fast-track processing for simple file: /app/data/b2c/7400/b5568kg/Recipe-Scraper-7400/test/closetcooking.test.js
2025-08-19 05:35:25,322 - Knowledge - INFO - done fast ingest for /app/data/b2c/7400/b5568kg/Recipe-Scraper-7400/test/closetcooking.test.js
2025-08-19 05:35:25,322 - Knowledge - INFO - worker kw7 pull /app/data/b2c/7400/b5568kg/Recipe-Scraper-7400/scrapers/julieblanner.js from ingest queue
2025-08-19 05:35:25,322 - Knowledge - INFO - Thread kw7 - File julieblanner.js - Remaining files in queue: 39
2025-08-19 05:35:25,323 - Knowledge - INFO - start ingest for /app/data/b2c/7400/b5568kg/Recipe-Scraper-7400/scrapers/julieblanner.js
2025-08-19 05:35:25,326 - Knowledge - INFO - Found code-base-name: https://github.com/kavia-common/Recipe-Scraper-7400.git:kavia-new-sources
2025-08-19 05:35:25,326 - Knowledge - INFO - Found code_base: <app.utils.kg_build.knowledge.KnowledgeCodeBase object at 0x7f2715ddf6d0>
2025-08-19 05:35:25,326 - Knowledge - INFO - persist ingested knowledge for /app/data/b2c/7400/b5568kg/Recipe-Scraper-7400/test/allRecipes.test.js
2025-08-19 05:35:25,327 - Knowledge - INFO - Found code-base-name: https://github.com/kavia-common/Recipe-Scraper-7400.git:kavia-new-sources
2025-08-19 05:35:25,327 - Knowledge - INFO - Found code_base: <app.utils.kg_build.knowledge.KnowledgeCodeBase object at 0x7f2715ddf6d0>
2025-08-19 05:35:25,327 - Knowledge - INFO - persist ingested knowledge for /app/data/b2c/7400/b5568kg/Recipe-Scraper-7400/test/budgetbytes.test.js
2025-08-19 05:35:25,329 - Knowledge - INFO - worker kw24 pull /app/data/b2c/7400/b5568kg/Recipe-Scraper-7400/test/cookieandkate.test.js from ingest queue
2025-08-19 05:35:25,329 - Knowledge - INFO - Thread kw24 - File cookieandkate.test.js - Remaining files in queue: 38
2025-08-19 05:35:25,329 - Knowledge - INFO - start ingest for /app/data/b2c/7400/b5568kg/Recipe-Scraper-7400/test/cookieandkate.test.js
2025-08-19 05:35:25,330 - Knowledge - INFO - Found code-base-name: https://github.com/kavia-common/Recipe-Scraper-7400.git:kavia-new-sources
2025-08-19 05:35:25,330 - Knowledge - INFO - Found code_base: <app.utils.kg_build.knowledge.KnowledgeCodeBase object at 0x7f2715ddf6d0>
2025-08-19 05:35:25,330 - Knowledge - INFO - persist ingested knowledge for /app/data/b2c/7400/b5568kg/Recipe-Scraper-7400/package.json
2025-08-19 05:35:25,332 - Knowledge - INFO - Fast-track processing for simple file: /app/data/b2c/7400/b5568kg/Recipe-Scraper-7400/test/cookieandkate.test.js
2025-08-19 05:35:25,332 - Knowledge - INFO - done fast ingest for /app/data/b2c/7400/b5568kg/Recipe-Scraper-7400/test/cookieandkate.test.js
2025-08-19 05:35:25,359 - Knowledge - INFO - process ingested knowledge for /app/data/b2c/7400/b5568kg/Recipe-Scraper-7400/test/closetcooking.test.js
2025-08-19 05:35:25,392 - Knowledge - INFO - process ingested knowledge for /app/data/b2c/7400/b5568kg/Recipe-Scraper-7400/test/cookieandkate.test.js
2025-08-19 05:35:25,475 - Knowledge - INFO - worker kw21 pull /app/data/b2c/7400/b5568kg/Recipe-Scraper-7400/scrapers/yummly.js from ingest queue
2025-08-19 05:35:25,475 - Knowledge - INFO - Thread kw21 - File yummly.js - Remaining files in queue: 37
2025-08-19 05:35:25,475 - Knowledge - INFO - start ingest for /app/data/b2c/7400/b5568kg/Recipe-Scraper-7400/scrapers/yummly.js
2025-08-19 05:35:25,475 - Knowledge - INFO - Found code-base-name: https://github.com/kavia-common/Recipe-Scraper-7400.git:kavia-new-sources
2025-08-19 05:35:25,476 - Knowledge - INFO - Found code_base: <app.utils.kg_build.knowledge.KnowledgeCodeBase object at 0x7f2715ddf6d0>
2025-08-19 05:35:25,476 - Knowledge - INFO - persist ingested knowledge for /app/data/b2c/7400/b5568kg/Recipe-Scraper-7400/test/tastesbetterfromscratch.test.js
2025-08-19 05:35:25,476 - Knowledge - INFO - worker kw17 pull /app/data/b2c/7400/b5568kg/Recipe-Scraper-7400/scrapers/bbc.js from ingest queue
2025-08-19 05:35:25,476 - Knowledge - INFO - Thread kw17 - File bbc.js - Remaining files in queue: 36
2025-08-19 05:35:25,477 - Knowledge - INFO - start ingest for /app/data/b2c/7400/b5568kg/Recipe-Scraper-7400/scrapers/bbc.js
2025-08-19 05:35:25,607 - Knowledge - INFO - worker kw25 pull /app/data/b2c/7400/b5568kg/Recipe-Scraper-7400/scrapers/seriouseats.js from ingest queue
2025-08-19 05:35:25,607 - Knowledge - INFO - Thread kw25 - File seriouseats.js - Remaining files in queue: 35
2025-08-19 05:35:25,608 - Knowledge - INFO - start ingest for /app/data/b2c/7400/b5568kg/Recipe-Scraper-7400/scrapers/seriouseats.js
2025-08-19 05:35:26,624 - Knowledge - INFO - persist search terms embedding for test/foodnetwork.test.js
2025-08-19 05:35:27,253 - Knowledge - INFO - persist search terms embedding for helpers/puppeteerFetch.js
2025-08-19 05:35:28,343 - Knowledge - INFO - persist search terms embedding for test/constants/omnivorescookbookConstants.js
2025-08-19 05:35:28,861 - Knowledge - INFO - persist search terms embedding for test/allRecipes.test.js
2025-08-19 05:35:29,134 - Knowledge - INFO - Found code-base-name: https://github.com/kavia-common/Recipe-Scraper-7400.git:kavia-new-sources
2025-08-19 05:35:29,134 - Knowledge - INFO - Found code_base: <app.utils.kg_build.knowledge.KnowledgeCodeBase object at 0x7f2715ddf6d0>
2025-08-19 05:35:29,134 - Knowledge - INFO - persist ingested knowledge for /app/data/b2c/7400/b5568kg/Recipe-Scraper-7400/test/bonappetit.test.js
2025-08-19 05:35:29,349 - Knowledge - INFO - Found code-base-name: https://github.com/kavia-common/Recipe-Scraper-7400.git:kavia-new-sources
2025-08-19 05:35:29,349 - Knowledge - INFO - Found code_base: <app.utils.kg_build.knowledge.KnowledgeCodeBase object at 0x7f2715ddf6d0>
2025-08-19 05:35:29,349 - Knowledge - INFO - persist ingested knowledge for /app/data/b2c/7400/b5568kg/Recipe-Scraper-7400/test/closetcooking.test.js
2025-08-19 05:35:29,350 - Knowledge - INFO - Found code-base-name: https://github.com/kavia-common/Recipe-Scraper-7400.git:kavia-new-sources
2025-08-19 05:35:29,350 - Knowledge - INFO - Found code_base: <app.utils.kg_build.knowledge.KnowledgeCodeBase object at 0x7f2715ddf6d0>
2025-08-19 05:35:29,350 - Knowledge - INFO - persist ingested knowledge for /app/data/b2c/7400/b5568kg/Recipe-Scraper-7400/test/cookieandkate.test.js
2025-08-19 05:35:29,953 - Knowledge - INFO - persist search terms embedding for test/constants/smittenkitchenConstants.js
2025-08-19 05:35:30,996 - Knowledge - INFO - persist search terms embedding for test/helpers/commonRecipeTest.js
2025-08-19 05:35:31,008 - Knowledge - INFO - worker kw20 pull /app/data/b2c/7400/b5568kg/Recipe-Scraper-7400/scrapers/thepioneerwoman.js from ingest queue
2025-08-19 05:35:31,008 - Knowledge - INFO - Thread kw20 - File thepioneerwoman.js - Remaining files in queue: 34
2025-08-19 05:35:31,008 - Knowledge - INFO - start ingest for /app/data/b2c/7400/b5568kg/Recipe-Scraper-7400/scrapers/thepioneerwoman.js
2025-08-19 05:35:31,756 - Knowledge - INFO - persist search terms embedding for test/smittenkitchen.test.js
2025-08-19 05:35:31,761 - Knowledge - INFO - worker kw22 pull /app/data/b2c/7400/b5568kg/Recipe-Scraper-7400/scrapers/averiecooks.js from ingest queue
2025-08-19 05:35:31,761 - Knowledge - INFO - Thread kw22 - File averiecooks.js - Remaining files in queue: 33
2025-08-19 05:35:31,761 - Knowledge - INFO - start ingest for /app/data/b2c/7400/b5568kg/Recipe-Scraper-7400/scrapers/averiecooks.js
2025-08-19 05:35:31,764 - Knowledge - INFO - worker kw2 pull /app/data/b2c/7400/b5568kg/Recipe-Scraper-7400/scrapers/tasteofhome.js from ingest queue
2025-08-19 05:35:31,765 - Knowledge - INFO - Thread kw2 - File tasteofhome.js - Remaining files in queue: 32
2025-08-19 05:35:31,765 - Knowledge - INFO - start ingest for /app/data/b2c/7400/b5568kg/Recipe-Scraper-7400/scrapers/tasteofhome.js
2025-08-19 05:35:31,768 - Knowledge - INFO - worker kw10 pull /app/data/b2c/7400/b5568kg/Recipe-Scraper-7400/scrapers/copykat.js from ingest queue
2025-08-19 05:35:31,768 - Knowledge - INFO - Thread kw10 - File copykat.js - Remaining files in queue: 31
2025-08-19 05:35:31,769 - Knowledge - INFO - start ingest for /app/data/b2c/7400/b5568kg/Recipe-Scraper-7400/scrapers/copykat.js
2025-08-19 05:35:31,772 - Knowledge - INFO - worker kw12 pull /app/data/b2c/7400/b5568kg/Recipe-Scraper-7400/scrapers/melskitchencafe.js from ingest queue
2025-08-19 05:35:31,772 - Knowledge - INFO - Thread kw12 - File melskitchencafe.js - Remaining files in queue: 30
2025-08-19 05:35:31,772 - Knowledge - INFO - start ingest for /app/data/b2c/7400/b5568kg/Recipe-Scraper-7400/scrapers/melskitchencafe.js
2025-08-19 05:35:32,704 - Knowledge - INFO - worker kw9 pull /app/data/b2c/7400/b5568kg/Recipe-Scraper-7400/scrapers/bonappetit.js from ingest queue
2025-08-19 05:35:32,704 - Knowledge - INFO - Thread kw9 - File bonappetit.js - Remaining files in queue: 29
2025-08-19 05:35:32,704 - Knowledge - INFO - start ingest for /app/data/b2c/7400/b5568kg/Recipe-Scraper-7400/scrapers/bonappetit.js
2025-08-19 05:35:32,719 - Knowledge - INFO - worker kw16 pull /app/data/b2c/7400/b5568kg/Recipe-Scraper-7400/scrapers/ambitiouskitchen.js from ingest queue
2025-08-19 05:35:32,719 - Knowledge - INFO - Thread kw16 - File ambitiouskitchen.js - Remaining files in queue: 28
2025-08-19 05:35:32,719 - Knowledge - INFO - start ingest for /app/data/b2c/7400/b5568kg/Recipe-Scraper-7400/scrapers/ambitiouskitchen.js
2025-08-19 05:35:32,727 - Knowledge - INFO - worker kw8 pull /app/data/b2c/7400/b5568kg/Recipe-Scraper-7400/scrapers/kitchenstories.js from ingest queue
2025-08-19 05:35:32,727 - Knowledge - INFO - Thread kw8 - File kitchenstories.js - Remaining files in queue: 27
2025-08-19 05:35:32,727 - Knowledge - INFO - start ingest for /app/data/b2c/7400/b5568kg/Recipe-Scraper-7400/scrapers/kitchenstories.js
2025-08-19 05:35:32,730 - Knowledge - INFO - worker kw4 pull /app/data/b2c/7400/b5568kg/Recipe-Scraper-7400/scrapers/gimmesomeoven.js from ingest queue
2025-08-19 05:35:32,730 - Knowledge - INFO - Thread kw4 - File gimmesomeoven.js - Remaining files in queue: 26
2025-08-19 05:35:32,730 - Knowledge - INFO - start ingest for /app/data/b2c/7400/b5568kg/Recipe-Scraper-7400/scrapers/gimmesomeoven.js
2025-08-19 05:35:32,734 - Knowledge - INFO - worker kw18 pull /app/data/b2c/7400/b5568kg/Recipe-Scraper-7400/scrapers/therealfoodrds.js from ingest queue
2025-08-19 05:35:32,734 - Knowledge - INFO - Thread kw18 - File therealfoodrds.js - Remaining files in queue: 25
2025-08-19 05:35:32,734 - Knowledge - INFO - start ingest for /app/data/b2c/7400/b5568kg/Recipe-Scraper-7400/scrapers/therealfoodrds.js
2025-08-19 05:35:32,738 - Knowledge - INFO - worker kw1 pull /app/data/b2c/7400/b5568kg/Recipe-Scraper-7400/scrapers/foodandwine.js from ingest queue
2025-08-19 05:35:32,738 - Knowledge - INFO - Thread kw1 - File foodandwine.js - Remaining files in queue: 24
2025-08-19 05:35:32,739 - Knowledge - INFO - start ingest for /app/data/b2c/7400/b5568kg/Recipe-Scraper-7400/scrapers/foodandwine.js
2025-08-19 05:35:32,741 - Knowledge - INFO - worker kw11 pull /app/data/b2c/7400/b5568kg/Recipe-Scraper-7400/scrapers/pinchofyum.js from ingest queue
2025-08-19 05:35:32,741 - Knowledge - INFO - Thread kw11 - File pinchofyum.js - Remaining files in queue: 23
2025-08-19 05:35:32,741 - Knowledge - INFO - start ingest for /app/data/b2c/7400/b5568kg/Recipe-Scraper-7400/scrapers/pinchofyum.js
2025-08-19 05:35:32,752 - Knowledge - INFO - worker kw5 pull /app/data/b2c/7400/b5568kg/Recipe-Scraper-7400/scrapers/centraltexasfoodbank.js from ingest queue
2025-08-19 05:35:32,753 - Knowledge - INFO - Thread kw5 - File centraltexasfoodbank.js - Remaining files in queue: 22
2025-08-19 05:35:32,753 - Knowledge - INFO - start ingest for /app/data/b2c/7400/b5568kg/Recipe-Scraper-7400/scrapers/centraltexasfoodbank.js
2025-08-19 05:35:32,760 - Knowledge - INFO - worker kw14 pull /app/data/b2c/7400/b5568kg/Recipe-Scraper-7400/scrapers/therecipecritic.js from ingest queue
2025-08-19 05:35:32,761 - Knowledge - INFO - Thread kw14 - File therecipecritic.js - Remaining files in queue: 21
2025-08-19 05:35:32,761 - Knowledge - INFO - start ingest for /app/data/b2c/7400/b5568kg/Recipe-Scraper-7400/scrapers/therecipecritic.js
2025-08-19 05:35:32,791 - Knowledge - INFO - worker kw24 pull /app/data/b2c/7400/b5568kg/Recipe-Scraper-7400/scrapers/cookieandkate.js from ingest queue
2025-08-19 05:35:32,791 - Knowledge - INFO - Thread kw24 - File cookieandkate.js - Remaining files in queue: 20
2025-08-19 05:35:32,792 - Knowledge - INFO - start ingest for /app/data/b2c/7400/b5568kg/Recipe-Scraper-7400/scrapers/cookieandkate.js
2025-08-19 05:35:32,794 - Knowledge - INFO - worker kw23 pull /app/data/b2c/7400/b5568kg/Recipe-Scraper-7400/scrapers/foodnetwork.js from ingest queue
2025-08-19 05:35:32,794 - Knowledge - INFO - Thread kw23 - File foodnetwork.js - Remaining files in queue: 19
2025-08-19 05:35:32,794 - Knowledge - INFO - start ingest for /app/data/b2c/7400/b5568kg/Recipe-Scraper-7400/scrapers/foodnetwork.js
2025-08-19 05:35:32,795 - Knowledge - INFO - worker kw6 pull /app/data/b2c/7400/b5568kg/Recipe-Scraper-7400/scrapers/budgetbytes.js from ingest queue
2025-08-19 05:35:32,795 - Knowledge - INFO - Thread kw6 - File budgetbytes.js - Remaining files in queue: 18
2025-08-19 05:35:32,795 - Knowledge - INFO - start ingest for /app/data/b2c/7400/b5568kg/Recipe-Scraper-7400/scrapers/budgetbytes.js
2025-08-19 05:35:36,043 - Knowledge - INFO - done ingest for /app/data/b2c/7400/b5568kg/Recipe-Scraper-7400/scrapers/omnivorescookbook.js
2025-08-19 05:35:36,119 - Knowledge - INFO - process ingested knowledge for /app/data/b2c/7400/b5568kg/Recipe-Scraper-7400/scrapers/omnivorescookbook.js
2025-08-19 05:35:36,119 - Knowledge - INFO - Found code-base-name: https://github.com/kavia-common/Recipe-Scraper-7400.git:kavia-new-sources
2025-08-19 05:35:36,119 - Knowledge - INFO - Found code_base: <app.utils.kg_build.knowledge.KnowledgeCodeBase object at 0x7f2715ddf6d0>
2025-08-19 05:35:36,119 - Knowledge - INFO - persist ingested knowledge for /app/data/b2c/7400/b5568kg/Recipe-Scraper-7400/scrapers/omnivorescookbook.js
2025-08-19 05:35:36,559 - Knowledge - INFO - persist search terms embedding for scrapers/omnivorescookbook.js
2025-08-19 05:35:36,560 - Knowledge - INFO - worker kw19 pull /app/data/b2c/7400/b5568kg/Recipe-Scraper-7400/scrapers/damndelicious.js from ingest queue
2025-08-19 05:35:36,560 - Knowledge - INFO - Thread kw19 - File damndelicious.js - Remaining files in queue: 17
2025-08-19 05:35:36,561 - Knowledge - INFO - start ingest for /app/data/b2c/7400/b5568kg/Recipe-Scraper-7400/scrapers/damndelicious.js
2025-08-19 05:35:40,394 - Knowledge - INFO - done ingest for /app/data/b2c/7400/b5568kg/Recipe-Scraper-7400/scrapers/simplyrecipes.js
2025-08-19 05:35:40,453 - Knowledge - INFO - process ingested knowledge for /app/data/b2c/7400/b5568kg/Recipe-Scraper-7400/scrapers/simplyrecipes.js
2025-08-19 05:35:40,453 - Knowledge - INFO - Found code-base-name: https://github.com/kavia-common/Recipe-Scraper-7400.git:kavia-new-sources
2025-08-19 05:35:40,454 - Knowledge - INFO - Found code_base: <app.utils.kg_build.knowledge.KnowledgeCodeBase object at 0x7f2715ddf6d0>
2025-08-19 05:35:40,454 - Knowledge - INFO - persist ingested knowledge for /app/data/b2c/7400/b5568kg/Recipe-Scraper-7400/scrapers/simplyrecipes.js
2025-08-19 05:35:41,054 - Knowledge - INFO - persist search terms embedding for scrapers/simplyrecipes.js
2025-08-19 05:35:41,058 - Knowledge - INFO - worker kw15 pull /app/data/b2c/7400/b5568kg/Recipe-Scraper-7400/scrapers/tastesbetterfromscratch.js from ingest queue
2025-08-19 05:35:41,058 - Knowledge - INFO - Thread kw15 - File tastesbetterfromscratch.js - Remaining files in queue: 16
2025-08-19 05:35:41,059 - Knowledge - INFO - start ingest for /app/data/b2c/7400/b5568kg/Recipe-Scraper-7400/scrapers/tastesbetterfromscratch.js
2025-08-19 05:35:46,841 - Knowledge - INFO - done ingest for /app/data/b2c/7400/b5568kg/Recipe-Scraper-7400/scrapers/julieblanner.js
2025-08-19 05:35:46,917 - Knowledge - INFO - process ingested knowledge for /app/data/b2c/7400/b5568kg/Recipe-Scraper-7400/scrapers/julieblanner.js
2025-08-19 05:35:46,917 - Knowledge - INFO - Found code-base-name: https://github.com/kavia-common/Recipe-Scraper-7400.git:kavia-new-sources
2025-08-19 05:35:46,917 - Knowledge - INFO - Found code_base: <app.utils.kg_build.knowledge.KnowledgeCodeBase object at 0x7f2715ddf6d0>
2025-08-19 05:35:46,918 - Knowledge - INFO - persist ingested knowledge for /app/data/b2c/7400/b5568kg/Recipe-Scraper-7400/scrapers/julieblanner.js
2025-08-19 05:35:47,711 - Knowledge - INFO - persist search terms embedding for scrapers/julieblanner.js
2025-08-19 05:35:47,724 - Knowledge - INFO - worker kw7 pull /app/data/b2c/7400/b5568kg/Recipe-Scraper-7400/scrapers/bbcgoodfood.js from ingest queue
2025-08-19 05:35:47,724 - Knowledge - INFO - Thread kw7 - File bbcgoodfood.js - Remaining files in queue: 15
2025-08-19 05:35:47,724 - Knowledge - INFO - start ingest for /app/data/b2c/7400/b5568kg/Recipe-Scraper-7400/scrapers/bbcgoodfood.js
2025-08-19 05:35:48,228 - Knowledge - INFO - done ingest for /app/data/b2c/7400/b5568kg/Recipe-Scraper-7400/scrapers/seriouseats.js
2025-08-19 05:35:48,328 - Knowledge - INFO - process ingested knowledge for /app/data/b2c/7400/b5568kg/Recipe-Scraper-7400/scrapers/seriouseats.js
2025-08-19 05:35:48,328 - Knowledge - INFO - Found code-base-name: https://github.com/kavia-common/Recipe-Scraper-7400.git:kavia-new-sources
2025-08-19 05:35:48,328 - Knowledge - INFO - Found code_base: <app.utils.kg_build.knowledge.KnowledgeCodeBase object at 0x7f2715ddf6d0>
2025-08-19 05:35:48,328 - Knowledge - INFO - persist ingested knowledge for /app/data/b2c/7400/b5568kg/Recipe-Scraper-7400/scrapers/seriouseats.js
2025-08-19 05:35:48,861 - Knowledge - INFO - persist search terms embedding for scrapers/seriouseats.js
2025-08-19 05:35:48,864 - Knowledge - INFO - worker kw25 pull /app/data/b2c/7400/b5568kg/Recipe-Scraper-7400/scrapers/smittenkitchen.js from ingest queue
2025-08-19 05:35:48,864 - Knowledge - INFO - Thread kw25 - File smittenkitchen.js - Remaining files in queue: 14
2025-08-19 05:35:48,865 - Knowledge - INFO - start ingest for /app/data/b2c/7400/b5568kg/Recipe-Scraper-7400/scrapers/smittenkitchen.js
2025-08-19 05:35:53,626 - Knowledge - INFO - done ingest for /app/data/b2c/7400/b5568kg/Recipe-Scraper-7400/scrapers/myrecipes.js
2025-08-19 05:35:53,697 - Knowledge - INFO - process ingested knowledge for /app/data/b2c/7400/b5568kg/Recipe-Scraper-7400/scrapers/myrecipes.js
2025-08-19 05:35:53,697 - Knowledge - INFO - Found code-base-name: https://github.com/kavia-common/Recipe-Scraper-7400.git:kavia-new-sources
2025-08-19 05:35:53,697 - Knowledge - INFO - Found code_base: <app.utils.kg_build.knowledge.KnowledgeCodeBase object at 0x7f2715ddf6d0>
2025-08-19 05:35:53,697 - Knowledge - INFO - persist ingested knowledge for /app/data/b2c/7400/b5568kg/Recipe-Scraper-7400/scrapers/myrecipes.js
2025-08-19 05:35:54,330 - Knowledge - INFO - persist search terms embedding for scrapers/myrecipes.js
2025-08-19 05:35:54,332 - Knowledge - INFO - worker kw13 pull /app/data/b2c/7400/b5568kg/Recipe-Scraper-7400/scrapers/epicurious.js from ingest queue
2025-08-19 05:35:54,332 - Knowledge - INFO - Thread kw13 - File epicurious.js - Remaining files in queue: 13
2025-08-19 05:35:54,333 - Knowledge - INFO - start ingest for /app/data/b2c/7400/b5568kg/Recipe-Scraper-7400/scrapers/epicurious.js
2025-08-19 05:35:56,618 - Knowledge - INFO - done ingest for /app/data/b2c/7400/b5568kg/Recipe-Scraper-7400/scrapers/nomnompaleo.js
2025-08-19 05:35:56,705 - Knowledge - INFO - process ingested knowledge for /app/data/b2c/7400/b5568kg/Recipe-Scraper-7400/scrapers/nomnompaleo.js
2025-08-19 05:35:56,705 - Knowledge - INFO - Found code-base-name: https://github.com/kavia-common/Recipe-Scraper-7400.git:kavia-new-sources
2025-08-19 05:35:56,705 - Knowledge - INFO - Found code_base: <app.utils.kg_build.knowledge.KnowledgeCodeBase object at 0x7f2715ddf6d0>
2025-08-19 05:35:56,705 - Knowledge - INFO - persist ingested knowledge for /app/data/b2c/7400/b5568kg/Recipe-Scraper-7400/scrapers/nomnompaleo.js
2025-08-19 05:35:57,419 - Knowledge - INFO - persist search terms embedding for scrapers/nomnompaleo.js
2025-08-19 05:35:57,422 - Knowledge - INFO - worker kw3 pull /app/data/b2c/7400/b5568kg/Recipe-Scraper-7400/scrapers/index.js from ingest queue
2025-08-19 05:35:57,422 - Knowledge - INFO - Thread kw3 - File index.js - Remaining files in queue: 12
2025-08-19 05:35:57,422 - Knowledge - INFO - start ingest for /app/data/b2c/7400/b5568kg/Recipe-Scraper-7400/scrapers/index.js
2025-08-19 05:35:58,449 - Knowledge - INFO - done ingest for /app/data/b2c/7400/b5568kg/Recipe-Scraper-7400/scrapers/bbc.js
2025-08-19 05:35:58,507 - Knowledge - INFO - process ingested knowledge for /app/data/b2c/7400/b5568kg/Recipe-Scraper-7400/scrapers/bbc.js
2025-08-19 05:35:58,508 - Knowledge - INFO - Found code-base-name: https://github.com/kavia-common/Recipe-Scraper-7400.git:kavia-new-sources
2025-08-19 05:35:58,508 - Knowledge - INFO - Found code_base: <app.utils.kg_build.knowledge.KnowledgeCodeBase object at 0x7f2715ddf6d0>
2025-08-19 05:35:58,508 - Knowledge - INFO - persist ingested knowledge for /app/data/b2c/7400/b5568kg/Recipe-Scraper-7400/scrapers/bbc.js
2025-08-19 05:35:59,125 - Knowledge - INFO - persist search terms embedding for scrapers/bbc.js
2025-08-19 05:35:59,126 - Knowledge - INFO - worker kw17 pull /app/data/b2c/7400/b5568kg/Recipe-Scraper-7400/scrapers/food.js from ingest queue
2025-08-19 05:35:59,126 - Knowledge - INFO - Thread kw17 - File food.js - Remaining files in queue: 11
2025-08-19 05:35:59,126 - Knowledge - INFO - start ingest for /app/data/b2c/7400/b5568kg/Recipe-Scraper-7400/scrapers/food.js
2025-08-19 05:35:59,591 - Knowledge - INFO - done ingest for /app/data/b2c/7400/b5568kg/Recipe-Scraper-7400/scrapers/thepioneerwoman.js
2025-08-19 05:35:59,674 - Knowledge - INFO - process ingested knowledge for /app/data/b2c/7400/b5568kg/Recipe-Scraper-7400/scrapers/thepioneerwoman.js
2025-08-19 05:35:59,674 - Knowledge - INFO - Found code-base-name: https://github.com/kavia-common/Recipe-Scraper-7400.git:kavia-new-sources
2025-08-19 05:35:59,674 - Knowledge - INFO - Found code_base: <app.utils.kg_build.knowledge.KnowledgeCodeBase object at 0x7f2715ddf6d0>
2025-08-19 05:35:59,674 - Knowledge - INFO - persist ingested knowledge for /app/data/b2c/7400/b5568kg/Recipe-Scraper-7400/scrapers/thepioneerwoman.js
2025-08-19 05:36:00,357 - Knowledge - INFO - persist search terms embedding for scrapers/thepioneerwoman.js
2025-08-19 05:36:00,362 - Knowledge - INFO - worker kw20 pull /app/data/b2c/7400/b5568kg/Recipe-Scraper-7400/scrapers/woolworths.js from ingest queue
2025-08-19 05:36:00,362 - Knowledge - INFO - Thread kw20 - File woolworths.js - Remaining files in queue: 10
2025-08-19 05:36:00,363 - Knowledge - INFO - start ingest for /app/data/b2c/7400/b5568kg/Recipe-Scraper-7400/scrapers/woolworths.js
2025-08-19 05:36:02,515 - Knowledge - INFO - done ingest for /app/data/b2c/7400/b5568kg/Recipe-Scraper-7400/scrapers/averiecooks.js
2025-08-19 05:36:02,596 - Knowledge - INFO - process ingested knowledge for /app/data/b2c/7400/b5568kg/Recipe-Scraper-7400/scrapers/averiecooks.js
2025-08-19 05:36:02,596 - Knowledge - INFO - Found code-base-name: https://github.com/kavia-common/Recipe-Scraper-7400.git:kavia-new-sources
2025-08-19 05:36:02,597 - Knowledge - INFO - Found code_base: <app.utils.kg_build.knowledge.KnowledgeCodeBase object at 0x7f2715ddf6d0>
2025-08-19 05:36:02,597 - Knowledge - INFO - persist ingested knowledge for /app/data/b2c/7400/b5568kg/Recipe-Scraper-7400/scrapers/averiecooks.js
2025-08-19 05:36:03,191 - Knowledge - INFO - persist search terms embedding for scrapers/averiecooks.js
2025-08-19 05:36:03,195 - Knowledge - INFO - worker kw22 pull /app/data/b2c/7400/b5568kg/Recipe-Scraper-7400/scrapers/101cookbooks.js from ingest queue
2025-08-19 05:36:03,196 - Knowledge - INFO - Thread kw22 - File 101cookbooks.js - Remaining files in queue: 9
2025-08-19 05:36:03,196 - Knowledge - INFO - start ingest for /app/data/b2c/7400/b5568kg/Recipe-Scraper-7400/scrapers/101cookbooks.js
2025-08-19 05:36:04,665 - Knowledge - INFO - done ingest for /app/data/b2c/7400/b5568kg/Recipe-Scraper-7400/scrapers/gimmesomeoven.js
2025-08-19 05:36:04,741 - Knowledge - INFO - process ingested knowledge for /app/data/b2c/7400/b5568kg/Recipe-Scraper-7400/scrapers/gimmesomeoven.js
2025-08-19 05:36:04,741 - Knowledge - INFO - Found code-base-name: https://github.com/kavia-common/Recipe-Scraper-7400.git:kavia-new-sources
2025-08-19 05:36:04,742 - Knowledge - INFO - Found code_base: <app.utils.kg_build.knowledge.KnowledgeCodeBase object at 0x7f2715ddf6d0>
2025-08-19 05:36:04,742 - Knowledge - INFO - persist ingested knowledge for /app/data/b2c/7400/b5568kg/Recipe-Scraper-7400/scrapers/gimmesomeoven.js
2025-08-19 05:36:05,755 - Knowledge - INFO - persist search terms embedding for scrapers/gimmesomeoven.js
2025-08-19 05:36:05,756 - Knowledge - INFO - worker kw4 pull /app/data/b2c/7400/b5568kg/Recipe-Scraper-7400/scrapers/minimalistbaker.js from ingest queue
2025-08-19 05:36:05,757 - Knowledge - INFO - Thread kw4 - File minimalistbaker.js - Remaining files in queue: 8
2025-08-19 05:36:05,757 - Knowledge - INFO - start ingest for /app/data/b2c/7400/b5568kg/Recipe-Scraper-7400/scrapers/minimalistbaker.js
2025-08-19 05:36:06,395 - Knowledge - INFO - done ingest for /app/data/b2c/7400/b5568kg/Recipe-Scraper-7400/scrapers/yummly.js
2025-08-19 05:36:06,459 - Knowledge - INFO - process ingested knowledge for /app/data/b2c/7400/b5568kg/Recipe-Scraper-7400/scrapers/yummly.js
2025-08-19 05:36:06,459 - Knowledge - INFO - Found code-base-name: https://github.com/kavia-common/Recipe-Scraper-7400.git:kavia-new-sources
2025-08-19 05:36:06,459 - Knowledge - INFO - Found code_base: <app.utils.kg_build.knowledge.KnowledgeCodeBase object at 0x7f2715ddf6d0>
2025-08-19 05:36:06,459 - Knowledge - INFO - persist ingested knowledge for /app/data/b2c/7400/b5568kg/Recipe-Scraper-7400/scrapers/yummly.js
2025-08-19 05:36:07,120 - Knowledge - INFO - persist search terms embedding for scrapers/yummly.js
2025-08-19 05:36:07,129 - Knowledge - INFO - worker kw21 pull /app/data/b2c/7400/b5568kg/Recipe-Scraper-7400/scrapers/theblackpeppercorn.js from ingest queue
2025-08-19 05:36:07,129 - Knowledge - INFO - Thread kw21 - File theblackpeppercorn.js - Remaining files in queue: 7
2025-08-19 05:36:07,129 - Knowledge - INFO - start ingest for /app/data/b2c/7400/b5568kg/Recipe-Scraper-7400/scrapers/theblackpeppercorn.js
2025-08-19 05:36:07,796 - Knowledge - INFO - done ingest for /app/data/b2c/7400/b5568kg/Recipe-Scraper-7400/scrapers/budgetbytes.js
2025-08-19 05:36:07,936 - Knowledge - INFO - process ingested knowledge for /app/data/b2c/7400/b5568kg/Recipe-Scraper-7400/scrapers/budgetbytes.js
2025-08-19 05:36:07,937 - Knowledge - INFO - Found code-base-name: https://github.com/kavia-common/Recipe-Scraper-7400.git:kavia-new-sources
2025-08-19 05:36:07,937 - Knowledge - INFO - Found code_base: <app.utils.kg_build.knowledge.KnowledgeCodeBase object at 0x7f2715ddf6d0>
2025-08-19 05:36:07,937 - Knowledge - INFO - persist ingested knowledge for /app/data/b2c/7400/b5568kg/Recipe-Scraper-7400/scrapers/budgetbytes.js
2025-08-19 05:36:08,647 - Knowledge - INFO - persist search terms embedding for scrapers/budgetbytes.js
2025-08-19 05:36:08,650 - Knowledge - INFO - worker kw6 pull /app/data/b2c/7400/b5568kg/Recipe-Scraper-7400/scrapers/recipetineats.js from ingest queue
2025-08-19 05:36:08,651 - Knowledge - INFO - Thread kw6 - File recipetineats.js - Remaining files in queue: 6
2025-08-19 05:36:08,651 - Knowledge - INFO - start ingest for /app/data/b2c/7400/b5568kg/Recipe-Scraper-7400/scrapers/recipetineats.js
2025-08-19 05:36:09,249 - Knowledge - INFO - done ingest for /app/data/b2c/7400/b5568kg/Recipe-Scraper-7400/scrapers/foodnetwork.js
2025-08-19 05:36:09,258 - Knowledge - INFO - done ingest for /app/data/b2c/7400/b5568kg/Recipe-Scraper-7400/scrapers/foodandwine.js
2025-08-19 05:36:09,312 - Knowledge - INFO - process ingested knowledge for /app/data/b2c/7400/b5568kg/Recipe-Scraper-7400/scrapers/foodandwine.js
2025-08-19 05:36:09,313 - Knowledge - INFO - Found code-base-name: https://github.com/kavia-common/Recipe-Scraper-7400.git:kavia-new-sources
2025-08-19 05:36:09,313 - Knowledge - INFO - Found code_base: <app.utils.kg_build.knowledge.KnowledgeCodeBase object at 0x7f2715ddf6d0>
2025-08-19 05:36:09,313 - Knowledge - INFO - persist ingested knowledge for /app/data/b2c/7400/b5568kg/Recipe-Scraper-7400/scrapers/foodandwine.js
2025-08-19 05:36:09,320 - Knowledge - INFO - process ingested knowledge for /app/data/b2c/7400/b5568kg/Recipe-Scraper-7400/scrapers/foodnetwork.js
2025-08-19 05:36:09,897 - Knowledge - INFO - persist search terms embedding for scrapers/foodandwine.js
2025-08-19 05:36:09,900 - Knowledge - INFO - Found code-base-name: https://github.com/kavia-common/Recipe-Scraper-7400.git:kavia-new-sources
2025-08-19 05:36:09,900 - Knowledge - INFO - Found code_base: <app.utils.kg_build.knowledge.KnowledgeCodeBase object at 0x7f2715ddf6d0>
2025-08-19 05:36:09,900 - Knowledge - INFO - persist ingested knowledge for /app/data/b2c/7400/b5568kg/Recipe-Scraper-7400/scrapers/foodnetwork.js
2025-08-19 05:36:09,934 - Knowledge - INFO - done ingest for /app/data/b2c/7400/b5568kg/Recipe-Scraper-7400/scrapers/centraltexasfoodbank.js
2025-08-19 05:36:10,009 - Knowledge - INFO - process ingested knowledge for /app/data/b2c/7400/b5568kg/Recipe-Scraper-7400/scrapers/centraltexasfoodbank.js
2025-08-19 05:36:10,566 - Knowledge - INFO - persist search terms embedding for scrapers/foodnetwork.js
2025-08-19 05:36:10,566 - Knowledge - INFO - worker kw1 pull /app/data/b2c/7400/b5568kg/Recipe-Scraper-7400/scrapers/whatsgabycooking.js from ingest queue
2025-08-19 05:36:10,566 - Knowledge - INFO - Thread kw1 - File whatsgabycooking.js - Remaining files in queue: 5
2025-08-19 05:36:10,567 - Knowledge - INFO - start ingest for /app/data/b2c/7400/b5568kg/Recipe-Scraper-7400/scrapers/whatsgabycooking.js
2025-08-19 05:36:10,567 - Knowledge - INFO - worker kw23 pull /app/data/b2c/7400/b5568kg/Recipe-Scraper-7400/scrapers/gimmedelicious.js from ingest queue
2025-08-19 05:36:10,568 - Knowledge - INFO - Thread kw23 - File gimmedelicious.js - Remaining files in queue: 4
2025-08-19 05:36:10,592 - Knowledge - INFO - Found code-base-name: https://github.com/kavia-common/Recipe-Scraper-7400.git:kavia-new-sources
2025-08-19 05:36:10,593 - Knowledge - INFO - Found code_base: <app.utils.kg_build.knowledge.KnowledgeCodeBase object at 0x7f2715ddf6d0>
2025-08-19 05:36:10,593 - Knowledge - INFO - persist ingested knowledge for /app/data/b2c/7400/b5568kg/Recipe-Scraper-7400/scrapers/centraltexasfoodbank.js
2025-08-19 05:36:10,603 - Knowledge - INFO - start ingest for /app/data/b2c/7400/b5568kg/Recipe-Scraper-7400/scrapers/gimmedelicious.js
2025-08-19 05:36:11,265 - Knowledge - INFO - persist search terms embedding for scrapers/centraltexasfoodbank.js
2025-08-19 05:36:11,268 - Knowledge - INFO - worker kw5 pull /app/data/b2c/7400/b5568kg/Recipe-Scraper-7400/scrapers/eatingwell.js from ingest queue
2025-08-19 05:36:11,268 - Knowledge - INFO - Thread kw5 - File eatingwell.js - Remaining files in queue: 3
2025-08-19 05:36:11,268 - Knowledge - INFO - start ingest for /app/data/b2c/7400/b5568kg/Recipe-Scraper-7400/scrapers/eatingwell.js
2025-08-19 05:36:13,108 - Knowledge - INFO - done ingest for /app/data/b2c/7400/b5568kg/Recipe-Scraper-7400/scrapers/tasteofhome.js
2025-08-19 05:36:13,167 - Knowledge - INFO - process ingested knowledge for /app/data/b2c/7400/b5568kg/Recipe-Scraper-7400/scrapers/tasteofhome.js
2025-08-19 05:36:13,167 - Knowledge - INFO - Found code-base-name: https://github.com/kavia-common/Recipe-Scraper-7400.git:kavia-new-sources
2025-08-19 05:36:13,167 - Knowledge - INFO - Found code_base: <app.utils.kg_build.knowledge.KnowledgeCodeBase object at 0x7f2715ddf6d0>
2025-08-19 05:36:13,168 - Knowledge - INFO - persist ingested knowledge for /app/data/b2c/7400/b5568kg/Recipe-Scraper-7400/scrapers/tasteofhome.js
2025-08-19 05:36:13,324 - Knowledge - INFO - done ingest for /app/data/b2c/7400/b5568kg/Recipe-Scraper-7400/scrapers/cookieandkate.js
2025-08-19 05:36:13,344 - Knowledge - INFO - process ingested knowledge for /app/data/b2c/7400/b5568kg/Recipe-Scraper-7400/scrapers/cookieandkate.js
2025-08-19 05:36:13,791 - Knowledge - INFO - persist search terms embedding for scrapers/tasteofhome.js
2025-08-19 05:36:13,795 - Knowledge - INFO - Found code-base-name: https://github.com/kavia-common/Recipe-Scraper-7400.git:kavia-new-sources
2025-08-19 05:36:13,795 - Knowledge - INFO - Found code_base: <app.utils.kg_build.knowledge.KnowledgeCodeBase object at 0x7f2715ddf6d0>
2025-08-19 05:36:13,795 - Knowledge - INFO - persist ingested knowledge for /app/data/b2c/7400/b5568kg/Recipe-Scraper-7400/scrapers/cookieandkate.js
2025-08-19 05:36:14,351 - Knowledge - INFO - persist search terms embedding for scrapers/cookieandkate.js
2025-08-19 05:36:14,354 - Knowledge - INFO - worker kw2 pull /app/data/b2c/7400/b5568kg/Recipe-Scraper-7400/scrapers/closetcooking.js from ingest queue
2025-08-19 05:36:14,354 - Knowledge - INFO - Thread kw2 - File closetcooking.js - Remaining files in queue: 2
2025-08-19 05:36:14,354 - Knowledge - INFO - start ingest for /app/data/b2c/7400/b5568kg/Recipe-Scraper-7400/scrapers/closetcooking.js
2025-08-19 05:36:14,359 - Knowledge - INFO - worker kw24 pull /app/data/b2c/7400/b5568kg/Recipe-Scraper-7400/scrapers/allrecipes.js from ingest queue
2025-08-19 05:36:14,359 - Knowledge - INFO - Thread kw24 - File allrecipes.js - Remaining files in queue: 1
2025-08-19 05:36:14,359 - Knowledge - INFO - start ingest for /app/data/b2c/7400/b5568kg/Recipe-Scraper-7400/scrapers/allrecipes.js
2025-08-19 05:36:17,220 - Knowledge - INFO - done ingest for /app/data/b2c/7400/b5568kg/Recipe-Scraper-7400/scrapers/bonappetit.js
2025-08-19 05:36:17,299 - Knowledge - INFO - process ingested knowledge for /app/data/b2c/7400/b5568kg/Recipe-Scraper-7400/scrapers/bonappetit.js
2025-08-19 05:36:17,299 - Knowledge - INFO - Found code-base-name: https://github.com/kavia-common/Recipe-Scraper-7400.git:kavia-new-sources
2025-08-19 05:36:17,299 - Knowledge - INFO - Found code_base: <app.utils.kg_build.knowledge.KnowledgeCodeBase object at 0x7f2715ddf6d0>
2025-08-19 05:36:17,299 - Knowledge - INFO - persist ingested knowledge for /app/data/b2c/7400/b5568kg/Recipe-Scraper-7400/scrapers/bonappetit.js
2025-08-19 05:36:17,705 - Knowledge - INFO - done ingest for /app/data/b2c/7400/b5568kg/Recipe-Scraper-7400/scrapers/melskitchencafe.js
2025-08-19 05:36:17,737 - Knowledge - INFO - process ingested knowledge for /app/data/b2c/7400/b5568kg/Recipe-Scraper-7400/scrapers/melskitchencafe.js
2025-08-19 05:36:17,975 - Knowledge - INFO - persist search terms embedding for scrapers/bonappetit.js
2025-08-19 05:36:17,996 - Knowledge - INFO - Found code-base-name: https://github.com/kavia-common/Recipe-Scraper-7400.git:kavia-new-sources
2025-08-19 05:36:17,996 - Knowledge - INFO - Found code_base: <app.utils.kg_build.knowledge.KnowledgeCodeBase object at 0x7f2715ddf6d0>
2025-08-19 05:36:17,996 - Knowledge - INFO - persist ingested knowledge for /app/data/b2c/7400/b5568kg/Recipe-Scraper-7400/scrapers/melskitchencafe.js
2025-08-19 05:36:18,395 - Knowledge - INFO - done ingest for /app/data/b2c/7400/b5568kg/Recipe-Scraper-7400/scrapers/therealfoodrds.js
2025-08-19 05:36:18,438 - Knowledge - INFO - process ingested knowledge for /app/data/b2c/7400/b5568kg/Recipe-Scraper-7400/scrapers/therealfoodrds.js
2025-08-19 05:36:18,624 - Knowledge - INFO - persist search terms embedding for scrapers/melskitchencafe.js
2025-08-19 05:36:18,627 - Knowledge - INFO - worker kw9 pull /app/data/b2c/7400/b5568kg/Recipe-Scraper-7400/scrapers/thespruceeats.js from ingest queue
2025-08-19 05:36:18,627 - Knowledge - INFO - Thread kw9 - File thespruceeats.js - Remaining files in queue: 0
2025-08-19 05:36:18,627 - Knowledge - INFO - start ingest for /app/data/b2c/7400/b5568kg/Recipe-Scraper-7400/scrapers/thespruceeats.js
2025-08-19 05:36:18,627 - Knowledge - INFO - Found code-base-name: https://github.com/kavia-common/Recipe-Scraper-7400.git:kavia-new-sources
2025-08-19 05:36:18,628 - Knowledge - INFO - Found code_base: <app.utils.kg_build.knowledge.KnowledgeCodeBase object at 0x7f2715ddf6d0>
2025-08-19 05:36:18,628 - Knowledge - INFO - persist ingested knowledge for /app/data/b2c/7400/b5568kg/Recipe-Scraper-7400/scrapers/therealfoodrds.js
2025-08-19 05:36:19,434 - Knowledge - INFO - persist search terms embedding for scrapers/therealfoodrds.js
2025-08-19 05:36:19,854 - Knowledge - INFO - done ingest for /app/data/b2c/7400/b5568kg/Recipe-Scraper-7400/scrapers/kitchenstories.js
2025-08-19 05:36:19,930 - Knowledge - INFO - process ingested knowledge for /app/data/b2c/7400/b5568kg/Recipe-Scraper-7400/scrapers/kitchenstories.js
2025-08-19 05:36:19,932 - Knowledge - INFO - Found code-base-name: https://github.com/kavia-common/Recipe-Scraper-7400.git:kavia-new-sources
2025-08-19 05:36:19,932 - Knowledge - INFO - Found code_base: <app.utils.kg_build.knowledge.KnowledgeCodeBase object at 0x7f2715ddf6d0>
2025-08-19 05:36:19,932 - Knowledge - INFO - persist ingested knowledge for /app/data/b2c/7400/b5568kg/Recipe-Scraper-7400/scrapers/kitchenstories.js
2025-08-19 05:36:20,566 - Knowledge - INFO - persist search terms embedding for scrapers/kitchenstories.js
2025-08-19 05:36:22,045 - Knowledge - INFO - done ingest for /app/data/b2c/7400/b5568kg/Recipe-Scraper-7400/scrapers/pinchofyum.js
2025-08-19 05:36:22,107 - Knowledge - INFO - process ingested knowledge for /app/data/b2c/7400/b5568kg/Recipe-Scraper-7400/scrapers/pinchofyum.js
2025-08-19 05:36:22,115 - Knowledge - INFO - Found code-base-name: https://github.com/kavia-common/Recipe-Scraper-7400.git:kavia-new-sources
2025-08-19 05:36:22,115 - Knowledge - INFO - Found code_base: <app.utils.kg_build.knowledge.KnowledgeCodeBase object at 0x7f2715ddf6d0>
2025-08-19 05:36:22,115 - Knowledge - INFO - persist ingested knowledge for /app/data/b2c/7400/b5568kg/Recipe-Scraper-7400/scrapers/pinchofyum.js
2025-08-19 05:36:22,741 - Knowledge - INFO - done ingest for /app/data/b2c/7400/b5568kg/Recipe-Scraper-7400/scrapers/copykat.js
2025-08-19 05:36:22,811 - Knowledge - INFO - process ingested knowledge for /app/data/b2c/7400/b5568kg/Recipe-Scraper-7400/scrapers/copykat.js
2025-08-19 05:36:22,912 - Knowledge - INFO - persist search terms embedding for scrapers/pinchofyum.js
2025-08-19 05:36:22,956 - Knowledge - INFO - Found code-base-name: https://github.com/kavia-common/Recipe-Scraper-7400.git:kavia-new-sources
2025-08-19 05:36:22,956 - Knowledge - INFO - Found code_base: <app.utils.kg_build.knowledge.KnowledgeCodeBase object at 0x7f2715ddf6d0>
2025-08-19 05:36:22,956 - Knowledge - INFO - persist ingested knowledge for /app/data/b2c/7400/b5568kg/Recipe-Scraper-7400/scrapers/copykat.js
2025-08-19 05:36:23,594 - Knowledge - INFO - done ingest for /app/data/b2c/7400/b5568kg/Recipe-Scraper-7400/scrapers/damndelicious.js
2025-08-19 05:36:23,634 - Knowledge - INFO - process ingested knowledge for /app/data/b2c/7400/b5568kg/Recipe-Scraper-7400/scrapers/damndelicious.js
2025-08-19 05:36:23,637 - Knowledge - INFO - persist search terms embedding for scrapers/copykat.js
2025-08-19 05:36:23,644 - Knowledge - INFO - Found code-base-name: https://github.com/kavia-common/Recipe-Scraper-7400.git:kavia-new-sources
2025-08-19 05:36:23,644 - Knowledge - INFO - Found code_base: <app.utils.kg_build.knowledge.KnowledgeCodeBase object at 0x7f2715ddf6d0>
2025-08-19 05:36:23,644 - Knowledge - INFO - persist ingested knowledge for /app/data/b2c/7400/b5568kg/Recipe-Scraper-7400/scrapers/damndelicious.js
2025-08-19 05:36:24,078 - Knowledge - INFO - done ingest for /app/data/b2c/7400/b5568kg/Recipe-Scraper-7400/scrapers/therecipecritic.js
2025-08-19 05:36:24,132 - Knowledge - INFO - process ingested knowledge for /app/data/b2c/7400/b5568kg/Recipe-Scraper-7400/scrapers/therecipecritic.js
2025-08-19 05:36:24,300 - Knowledge - INFO - persist search terms embedding for scrapers/damndelicious.js
2025-08-19 05:36:24,303 - Knowledge - INFO - Found code-base-name: https://github.com/kavia-common/Recipe-Scraper-7400.git:kavia-new-sources
2025-08-19 05:36:24,303 - Knowledge - INFO - Found code_base: <app.utils.kg_build.knowledge.KnowledgeCodeBase object at 0x7f2715ddf6d0>
2025-08-19 05:36:24,303 - Knowledge - INFO - persist ingested knowledge for /app/data/b2c/7400/b5568kg/Recipe-Scraper-7400/scrapers/therecipecritic.js
2025-08-19 05:36:24,897 - Knowledge - INFO - persist search terms embedding for scrapers/therecipecritic.js
2025-08-19 05:36:27,342 - Knowledge - INFO - done ingest for /app/data/b2c/7400/b5568kg/Recipe-Scraper-7400/scrapers/ambitiouskitchen.js
2025-08-19 05:36:27,409 - Knowledge - INFO - process ingested knowledge for /app/data/b2c/7400/b5568kg/Recipe-Scraper-7400/scrapers/ambitiouskitchen.js
2025-08-19 05:36:27,452 - Knowledge - INFO - Found code-base-name: https://github.com/kavia-common/Recipe-Scraper-7400.git:kavia-new-sources
2025-08-19 05:36:27,452 - Knowledge - INFO - Found code_base: <app.utils.kg_build.knowledge.KnowledgeCodeBase object at 0x7f2715ddf6d0>
2025-08-19 05:36:27,452 - Knowledge - INFO - persist ingested knowledge for /app/data/b2c/7400/b5568kg/Recipe-Scraper-7400/scrapers/ambitiouskitchen.js
2025-08-19 05:36:27,527 - Knowledge - INFO - done ingest for /app/data/b2c/7400/b5568kg/Recipe-Scraper-7400/scrapers/food.js
2025-08-19 05:36:27,622 - Knowledge - INFO - process ingested knowledge for /app/data/b2c/7400/b5568kg/Recipe-Scraper-7400/scrapers/food.js
2025-08-19 05:36:28,243 - Knowledge - INFO - persist search terms embedding for scrapers/ambitiouskitchen.js
2025-08-19 05:36:28,311 - Knowledge - INFO - Found code-base-name: https://github.com/kavia-common/Recipe-Scraper-7400.git:kavia-new-sources
2025-08-19 05:36:28,312 - Knowledge - INFO - Found code_base: <app.utils.kg_build.knowledge.KnowledgeCodeBase object at 0x7f2715ddf6d0>
2025-08-19 05:36:28,312 - Knowledge - INFO - persist ingested knowledge for /app/data/b2c/7400/b5568kg/Recipe-Scraper-7400/scrapers/food.js
2025-08-19 05:36:28,919 - Knowledge - INFO - persist search terms embedding for scrapers/food.js
2025-08-19 05:36:33,315 - Knowledge - INFO - done ingest for /app/data/b2c/7400/b5568kg/Recipe-Scraper-7400/scrapers/epicurious.js
2025-08-19 05:36:33,421 - Knowledge - INFO - process ingested knowledge for /app/data/b2c/7400/b5568kg/Recipe-Scraper-7400/scrapers/epicurious.js
2025-08-19 05:36:33,436 - Knowledge - INFO - Found code-base-name: https://github.com/kavia-common/Recipe-Scraper-7400.git:kavia-new-sources
2025-08-19 05:36:33,436 - Knowledge - INFO - Found code_base: <app.utils.kg_build.knowledge.KnowledgeCodeBase object at 0x7f2715ddf6d0>
2025-08-19 05:36:33,436 - Knowledge - INFO - persist ingested knowledge for /app/data/b2c/7400/b5568kg/Recipe-Scraper-7400/scrapers/epicurious.js
2025-08-19 05:36:33,619 - Knowledge - INFO - done ingest for /app/data/b2c/7400/b5568kg/Recipe-Scraper-7400/scrapers/bbcgoodfood.js
2025-08-19 05:36:33,692 - Knowledge - INFO - process ingested knowledge for /app/data/b2c/7400/b5568kg/Recipe-Scraper-7400/scrapers/bbcgoodfood.js
2025-08-19 05:36:34,011 - Knowledge - INFO - persist search terms embedding for scrapers/epicurious.js
2025-08-19 05:36:34,111 - Knowledge - INFO - Found code-base-name: https://github.com/kavia-common/Recipe-Scraper-7400.git:kavia-new-sources
2025-08-19 05:36:34,112 - Knowledge - INFO - Found code_base: <app.utils.kg_build.knowledge.KnowledgeCodeBase object at 0x7f2715ddf6d0>
2025-08-19 05:36:34,112 - Knowledge - INFO - persist ingested knowledge for /app/data/b2c/7400/b5568kg/Recipe-Scraper-7400/scrapers/bbcgoodfood.js
2025-08-19 05:36:34,717 - Knowledge - INFO - persist search terms embedding for scrapers/bbcgoodfood.js
2025-08-19 05:36:34,758 - Knowledge - INFO - done ingest for /app/data/b2c/7400/b5568kg/Recipe-Scraper-7400/scrapers/smittenkitchen.js
2025-08-19 05:36:34,812 - Knowledge - INFO - process ingested knowledge for /app/data/b2c/7400/b5568kg/Recipe-Scraper-7400/scrapers/smittenkitchen.js
2025-08-19 05:36:34,821 - Knowledge - INFO - Found code-base-name: https://github.com/kavia-common/Recipe-Scraper-7400.git:kavia-new-sources
2025-08-19 05:36:34,822 - Knowledge - INFO - Found code_base: <app.utils.kg_build.knowledge.KnowledgeCodeBase object at 0x7f2715ddf6d0>
2025-08-19 05:36:34,822 - Knowledge - INFO - persist ingested knowledge for /app/data/b2c/7400/b5568kg/Recipe-Scraper-7400/scrapers/smittenkitchen.js
2025-08-19 05:36:35,554 - Knowledge - INFO - persist search terms embedding for scrapers/smittenkitchen.js
2025-08-19 05:36:36,202 - Knowledge - INFO - done ingest for /app/data/b2c/7400/b5568kg/Recipe-Scraper-7400/scrapers/101cookbooks.js
2025-08-19 05:36:36,226 - Knowledge - INFO - process ingested knowledge for /app/data/b2c/7400/b5568kg/Recipe-Scraper-7400/scrapers/101cookbooks.js
2025-08-19 05:36:36,294 - Knowledge - INFO - Found code-base-name: https://github.com/kavia-common/Recipe-Scraper-7400.git:kavia-new-sources
2025-08-19 05:36:36,294 - Knowledge - INFO - Found code_base: <app.utils.kg_build.knowledge.KnowledgeCodeBase object at 0x7f2715ddf6d0>
2025-08-19 05:36:36,294 - Knowledge - INFO - persist ingested knowledge for /app/data/b2c/7400/b5568kg/Recipe-Scraper-7400/scrapers/101cookbooks.js
2025-08-19 05:36:37,013 - Knowledge - INFO - persist search terms embedding for scrapers/101cookbooks.js
2025-08-19 05:36:37,137 - Knowledge - INFO - done ingest for /app/data/b2c/7400/b5568kg/Recipe-Scraper-7400/scrapers/recipetineats.js
2025-08-19 05:36:37,163 - Knowledge - INFO - process ingested knowledge for /app/data/b2c/7400/b5568kg/Recipe-Scraper-7400/scrapers/recipetineats.js
2025-08-19 05:36:37,294 - Knowledge - INFO - Found code-base-name: https://github.com/kavia-common/Recipe-Scraper-7400.git:kavia-new-sources
2025-08-19 05:36:37,294 - Knowledge - INFO - Found code_base: <app.utils.kg_build.knowledge.KnowledgeCodeBase object at 0x7f2715ddf6d0>
2025-08-19 05:36:37,294 - Knowledge - INFO - persist ingested knowledge for /app/data/b2c/7400/b5568kg/Recipe-Scraper-7400/scrapers/recipetineats.js
2025-08-19 05:36:37,833 - Knowledge - INFO - persist search terms embedding for scrapers/recipetineats.js
2025-08-19 05:36:39,644 - Knowledge - INFO - done ingest for /app/data/b2c/7400/b5568kg/Recipe-Scraper-7400/scrapers/allrecipes.js
2025-08-19 05:36:39,727 - Knowledge - INFO - process ingested knowledge for /app/data/b2c/7400/b5568kg/Recipe-Scraper-7400/scrapers/allrecipes.js
2025-08-19 05:36:39,838 - Knowledge - INFO - Found code-base-name: https://github.com/kavia-common/Recipe-Scraper-7400.git:kavia-new-sources
2025-08-19 05:36:39,838 - Knowledge - INFO - Found code_base: <app.utils.kg_build.knowledge.KnowledgeCodeBase object at 0x7f2715ddf6d0>
2025-08-19 05:36:39,838 - Knowledge - INFO - persist ingested knowledge for /app/data/b2c/7400/b5568kg/Recipe-Scraper-7400/scrapers/allrecipes.js
2025-08-19 05:36:40,316 - Knowledge - INFO - done ingest for /app/data/b2c/7400/b5568kg/Recipe-Scraper-7400/scrapers/woolworths.js
2025-08-19 05:36:40,403 - Knowledge - INFO - done ingest for /app/data/b2c/7400/b5568kg/Recipe-Scraper-7400/scrapers/tastesbetterfromscratch.js
2025-08-19 05:36:40,410 - Knowledge - INFO - process ingested knowledge for /app/data/b2c/7400/b5568kg/Recipe-Scraper-7400/scrapers/woolworths.js
2025-08-19 05:36:40,457 - Knowledge - INFO - process ingested knowledge for /app/data/b2c/7400/b5568kg/Recipe-Scraper-7400/scrapers/tastesbetterfromscratch.js
2025-08-19 05:36:40,692 - Knowledge - INFO - persist search terms embedding for scrapers/allrecipes.js
2025-08-19 05:36:40,720 - Knowledge - INFO - done ingest for /app/data/b2c/7400/b5568kg/Recipe-Scraper-7400/scrapers/whatsgabycooking.js
2025-08-19 05:36:40,721 - Knowledge - INFO - Found code-base-name: https://github.com/kavia-common/Recipe-Scraper-7400.git:kavia-new-sources
2025-08-19 05:36:40,721 - Knowledge - INFO - Found code_base: <app.utils.kg_build.knowledge.KnowledgeCodeBase object at 0x7f2715ddf6d0>
2025-08-19 05:36:40,721 - Knowledge - INFO - persist ingested knowledge for /app/data/b2c/7400/b5568kg/Recipe-Scraper-7400/scrapers/tastesbetterfromscratch.js
2025-08-19 05:36:40,755 - Knowledge - INFO - process ingested knowledge for /app/data/b2c/7400/b5568kg/Recipe-Scraper-7400/scrapers/whatsgabycooking.js
2025-08-19 05:36:40,836 - Knowledge - INFO - Found code-base-name: https://github.com/kavia-common/Recipe-Scraper-7400.git:kavia-new-sources
2025-08-19 05:36:40,836 - Knowledge - INFO - Found code_base: <app.utils.kg_build.knowledge.KnowledgeCodeBase object at 0x7f2715ddf6d0>
2025-08-19 05:36:40,837 - Knowledge - INFO - persist ingested knowledge for /app/data/b2c/7400/b5568kg/Recipe-Scraper-7400/scrapers/whatsgabycooking.js
2025-08-19 05:36:40,936 - Knowledge - INFO - Found code-base-name: https://github.com/kavia-common/Recipe-Scraper-7400.git:kavia-new-sources
2025-08-19 05:36:40,936 - Knowledge - INFO - Found code_base: <app.utils.kg_build.knowledge.KnowledgeCodeBase object at 0x7f2715ddf6d0>
2025-08-19 05:36:40,936 - Knowledge - INFO - persist ingested knowledge for /app/data/b2c/7400/b5568kg/Recipe-Scraper-7400/scrapers/woolworths.js
2025-08-19 05:36:41,459 - Knowledge - INFO - persist search terms embedding for scrapers/tastesbetterfromscratch.js
2025-08-19 05:36:41,911 - Knowledge - INFO - done ingest for /app/data/b2c/7400/b5568kg/Recipe-Scraper-7400/scrapers/eatingwell.js
2025-08-19 05:36:41,949 - Knowledge - INFO - process ingested knowledge for /app/data/b2c/7400/b5568kg/Recipe-Scraper-7400/scrapers/eatingwell.js
2025-08-19 05:36:42,132 - Knowledge - INFO - persist search terms embedding for scrapers/woolworths.js
2025-08-19 05:36:42,322 - Knowledge - INFO - done ingest for /app/data/b2c/7400/b5568kg/Recipe-Scraper-7400/scrapers/index.js
2025-08-19 05:36:42,397 - Knowledge - INFO - process ingested knowledge for /app/data/b2c/7400/b5568kg/Recipe-Scraper-7400/scrapers/index.js
2025-08-19 05:36:42,748 - Knowledge - INFO - persist search terms embedding for scrapers/whatsgabycooking.js
2025-08-19 05:36:42,773 - Knowledge - INFO - Found code-base-name: https://github.com/kavia-common/Recipe-Scraper-7400.git:kavia-new-sources
2025-08-19 05:36:42,773 - Knowledge - INFO - Found code_base: <app.utils.kg_build.knowledge.KnowledgeCodeBase object at 0x7f2715ddf6d0>
2025-08-19 05:36:42,773 - Knowledge - INFO - persist ingested knowledge for /app/data/b2c/7400/b5568kg/Recipe-Scraper-7400/scrapers/eatingwell.js
2025-08-19 05:36:42,791 - Knowledge - INFO - Found code-base-name: https://github.com/kavia-common/Recipe-Scraper-7400.git:kavia-new-sources
2025-08-19 05:36:42,791 - Knowledge - INFO - Found code_base: <app.utils.kg_build.knowledge.KnowledgeCodeBase object at 0x7f2715ddf6d0>
2025-08-19 05:36:42,792 - Knowledge - INFO - persist ingested knowledge for /app/data/b2c/7400/b5568kg/Recipe-Scraper-7400/scrapers/index.js
2025-08-19 05:36:43,104 - Knowledge - INFO - done ingest for /app/data/b2c/7400/b5568kg/Recipe-Scraper-7400/scrapers/minimalistbaker.js
2025-08-19 05:36:43,208 - Knowledge - INFO - process ingested knowledge for /app/data/b2c/7400/b5568kg/Recipe-Scraper-7400/scrapers/minimalistbaker.js
2025-08-19 05:36:43,452 - Knowledge - INFO - persist search terms embedding for scrapers/index.js
2025-08-19 05:36:43,464 - Knowledge - INFO - Found code-base-name: https://github.com/kavia-common/Recipe-Scraper-7400.git:kavia-new-sources
2025-08-19 05:36:43,464 - Knowledge - INFO - Found code_base: <app.utils.kg_build.knowledge.KnowledgeCodeBase object at 0x7f2715ddf6d0>
2025-08-19 05:36:43,464 - Knowledge - INFO - persist ingested knowledge for /app/data/b2c/7400/b5568kg/Recipe-Scraper-7400/scrapers/minimalistbaker.js
2025-08-19 05:36:43,892 - Knowledge - INFO - done ingest for /app/data/b2c/7400/b5568kg/Recipe-Scraper-7400/scrapers/theblackpeppercorn.js
2025-08-19 05:36:43,923 - Knowledge - INFO - process ingested knowledge for /app/data/b2c/7400/b5568kg/Recipe-Scraper-7400/scrapers/theblackpeppercorn.js
2025-08-19 05:36:44,105 - Knowledge - INFO - persist search terms embedding for scrapers/eatingwell.js
2025-08-19 05:36:44,182 - Knowledge - INFO - Found code-base-name: https://github.com/kavia-common/Recipe-Scraper-7400.git:kavia-new-sources
2025-08-19 05:36:44,182 - Knowledge - INFO - Found code_base: <app.utils.kg_build.knowledge.KnowledgeCodeBase object at 0x7f2715ddf6d0>
2025-08-19 05:36:44,182 - Knowledge - INFO - persist ingested knowledge for /app/data/b2c/7400/b5568kg/Recipe-Scraper-7400/scrapers/theblackpeppercorn.js
2025-08-19 05:36:44,203 - Knowledge - INFO - done ingest for /app/data/b2c/7400/b5568kg/Recipe-Scraper-7400/scrapers/closetcooking.js
2025-08-19 05:36:44,320 - Knowledge - INFO - process ingested knowledge for /app/data/b2c/7400/b5568kg/Recipe-Scraper-7400/scrapers/closetcooking.js
2025-08-19 05:36:44,371 - Knowledge - INFO - done ingest for /app/data/b2c/7400/b5568kg/Recipe-Scraper-7400/scrapers/gimmedelicious.js
2025-08-19 05:36:44,443 - Knowledge - INFO - done ingest for /app/data/b2c/7400/b5568kg/Recipe-Scraper-7400/scrapers/thespruceeats.js
2025-08-19 05:36:44,449 - Knowledge - INFO - process ingested knowledge for /app/data/b2c/7400/b5568kg/Recipe-Scraper-7400/scrapers/gimmedelicious.js
2025-08-19 05:36:44,457 - Knowledge - INFO - process ingested knowledge for /app/data/b2c/7400/b5568kg/Recipe-Scraper-7400/scrapers/thespruceeats.js
2025-08-19 05:36:44,753 - Knowledge - INFO - persist search terms embedding for scrapers/minimalistbaker.js
2025-08-19 05:36:45,080 - Knowledge - INFO - persist search terms embedding for scrapers/theblackpeppercorn.js
2025-08-19 05:36:45,081 - Knowledge - INFO - Found code-base-name: https://github.com/kavia-common/Recipe-Scraper-7400.git:kavia-new-sources
2025-08-19 05:36:45,081 - Knowledge - INFO - Found code_base: <app.utils.kg_build.knowledge.KnowledgeCodeBase object at 0x7f2715ddf6d0>
2025-08-19 05:36:45,081 - Knowledge - INFO - persist ingested knowledge for /app/data/b2c/7400/b5568kg/Recipe-Scraper-7400/scrapers/gimmedelicious.js
2025-08-19 05:36:45,081 - Knowledge - INFO - Found code-base-name: https://github.com/kavia-common/Recipe-Scraper-7400.git:kavia-new-sources
2025-08-19 05:36:45,081 - Knowledge - INFO - Found code_base: <app.utils.kg_build.knowledge.KnowledgeCodeBase object at 0x7f2715ddf6d0>
2025-08-19 05:36:45,081 - Knowledge - INFO - persist ingested knowledge for /app/data/b2c/7400/b5568kg/Recipe-Scraper-7400/scrapers/thespruceeats.js
2025-08-19 05:36:45,430 - Knowledge - INFO - persist search terms embedding for scrapers/thespruceeats.js
2025-08-19 05:36:45,432 - Knowledge - INFO - Found code-base-name: https://github.com/kavia-common/Recipe-Scraper-7400.git:kavia-new-sources
2025-08-19 05:36:45,432 - Knowledge - INFO - Found code_base: <app.utils.kg_build.knowledge.KnowledgeCodeBase object at 0x7f2715ddf6d0>
2025-08-19 05:36:45,432 - Knowledge - INFO - persist ingested knowledge for /app/data/b2c/7400/b5568kg/Recipe-Scraper-7400/scrapers/closetcooking.js
2025-08-19 05:36:45,964 - Knowledge - INFO - persist search terms embedding for scrapers/closetcooking.js
2025-08-19 05:36:46,286 - Knowledge - INFO - persist search terms embedding for scrapers/gimmedelicious.js
2025-08-19 05:36:46,293 - Knowledge - INFO - Knowledge creation complete
2025-08-19 05:36:46,295 - Knowledge - INFO - Updating org costs, total cost: 0.0252366
2025-08-19 05:36:46,434 - Knowledge - INFO - Saving knowledge to Redis...
2025-08-19 05:36:46,492 - Knowledge - INFO - Knowledge saved to Redis successfully
